timestamp,model_type,model_version,n_samples,n_features,features_used,train_rows,test_rows,split_ratio,cv_mean_mae,cv_std_mae,cv_mean_rmse,cv_std_rmse,cv_mean_mape,cv_std_mape,cv_ci95_lower,cv_ci95_upper,cv_n_folds,model_mae,model_rmse,model_mape,model_r2,mae_ci_lower,mae_ci_upper,rmse_ci_lower,rmse_ci_upper,baseline_mae,baseline_rmse,baseline_mape,improvement_mae_pct,improvement_rmse_pct,error_mean,error_std,corridor_mae,notes,model_specific_params,n_estimators,max_depth,learning_rate,subsample,colsample_bytree,artifact_path,data_cutoff_time
2026-05-24T12:38:34.178862+00:00,xgboost,20260524T123834Z,6224,37,"minute,day_of_week_num,is_weekend,hour_sin,hour_cos,hour_of_day,is_peak_hour,is_monsoon,month,actual_eta_min_lag1,actual_eta_min_lag2,actual_eta_min_lag3,rain_lag_1,rain_lag_2,temperature,rain_mm,humidity,wind_speed,visibility_km,pm2_5,pm10,co_level,no2_level,aqi,rain_accumulation_3h,wmo_rain_category,visibility_penalty,emission_congestion_cross_lag1,weather_condition_encoded,mrt_status,mrt_headway,distance_km,is_anomaly_lag1,osrm_divergence_lag1,rain_x_peak_hour,is_holiday,is_extreme_weather",4979,1245,0.8,0.15272231205358108,0.012773707575594862,0.2805764018099221,0.03002574112697305,2.7124766599336434,0.22694899679665798,0.1461544130121615,0.15989358614541757,5,0.1363935048589745,0.2457734186238331,2.5844277511017952,0.9451319060466254,0.12547450385993744,0.14794437284067452,0.22009136000458013,0.2700777562203246,0.8561763472853434,1.0118106179244963,18.034317959685488,84.07,75.71,-0.010436402814934069,0.24555173548222042,"{""East (Mirpur-14 to 10)"": 0.13223459961330009, ""North (Mirpur-11 to 10)"": 0.17436317683032856, ""South (Kazipara to 10)"": 0.08830857954607907, ""West (Mirpur-1 to 10)"": 0.1506219129378979}",Metrics include OSRM baseline comparisons for Paper Table 3,"{""n_estimators"": 250, ""max_depth"": 4, ""learning_rate"": 0.021914492697529438, ""subsample"": 0.7953398038188806, ""colsample_bytree"": 0.9127513505077907, ""random_state"": 42, ""early_stopping_rounds"": 20, ""val_split_ratio"": 0.2, ""hpo_note"": ""Bayesian Optimization via Optuna (15 trials) minimizing Temporal Validation MAE""}",250,4,0.021914492697529438,0.7953398038188806,0.9127513505077907,latest/model_ml_weight.json,2026-05-24T12:38:34.178862+00:00
2026-05-25T18:33:03.990362+00:00,xgboost,20260525T183303Z,4740,37,"minute,day_of_week_num,is_weekend,hour_sin,hour_cos,hour_of_day,is_peak_hour,is_monsoon,month,actual_eta_min_lag1,actual_eta_min_lag2,actual_eta_min_lag3,rain_lag_1,rain_lag_2,temperature,rain_mm,humidity,wind_speed,visibility_km,pm2_5,pm10,co_level,no2_level,aqi,rain_accumulation_3h,wmo_rain_category,visibility_penalty,emission_congestion_cross_lag1,weather_condition_encoded,mrt_status,mrt_headway,distance_km,is_anomaly_lag1,osrm_divergence_lag1,rain_x_peak_hour,is_holiday,is_extreme_weather",3792,948,0.8,0.16159941944894912,0.03551912015347151,0.2634216367540245,0.044507085080484336,3.0396865974741694,0.777837323418203,3.044819750830392,0.8031979978655175,0.15518264395919026,0.16833487049410614,5,0.1737994263745562,0.2954713576195486,3.129645276017768,3.125294849024587,0.9022423204243925,0.1590938438556869,0.18960721683904594,0.2642862592755252,0.3290227963931179,0.8414482613280266,0.9769956402264286,14.774170908393666,15.124128465500283,79.35,69.76,0.007967457197889475,0.2953639158721644,"{""East (Mirpur-14 to 10)"": 0.1535276641367371, ""North (Mirpur-11 to 10)"": 0.17018463698573086, ""South (Kazipara to 10)"": 0.1442697261071975, ""West (Mirpur-1 to 10)"": 0.25196159766270565}",Metrics include OSRM baseline comparisons for Paper Table 3,"{""n_estimators"": 100, ""max_depth"": 5, ""learning_rate"": 0.05044611042062135, ""subsample"": 0.6077219275977437, ""colsample_bytree"": 0.662291024970464, ""random_state"": 42, ""early_stopping_rounds"": 20, ""val_split_ratio"": 0.2, ""hpo_note"": ""Bayesian Optimization via Optuna (15 trials) minimizing Temporal Validation MAE""}",100,5,0.05044611042062135,0.6077219275977437,0.662291024970464,latest/model_ml_weight.json,2026-05-25T18:33:03.990389+00:00
2026-05-25T20:19:01.420830+00:00,xgboost,20260525T201901Z,4813,37,"minute,day_of_week_num,is_weekend,hour_sin,hour_cos,hour_of_day,is_peak_hour,is_monsoon,month,actual_eta_min_lag1,actual_eta_min_lag2,actual_eta_min_lag3,rain_lag_1,rain_lag_2,temperature,rain_mm,humidity,wind_speed,visibility_km,pm2_5,pm10,co_level,no2_level,aqi,rain_accumulation_3h,wmo_rain_category,visibility_penalty,emission_congestion_cross_lag1,weather_condition_encoded,mrt_status,mrt_headway,distance_km,is_anomaly_lag1,osrm_divergence_lag1,rain_x_peak_hour,is_holiday,is_extreme_weather",3850,963,0.8,0.1496050191056401,0.05298660281734479,0.24722898719066996,0.07767166706158198,2.7122628466951006,0.7365269332384216,2.7189946159033545,0.7669741531229493,0.14342928255418885,0.15576991349443828,5,0.1682380498111681,0.29357855252187326,3.1257032513843686,3.0885938745173576,0.9148092819937799,0.15374447433351845,0.18411834775101726,0.2660099708677072,0.3231773379908389,0.8642490266699433,0.9933601102698544,16.195382459258216,16.14070008459724,80.53,70.45,-0.015278419254972442,0.2931807231144428,"{""East (Mirpur-14 to 10)"": 0.14622845974114843, ""North (Mirpur-11 to 10)"": 0.20317285166288673, ""South (Kazipara to 10)"": 0.11015651313422241, ""West (Mirpur-1 to 10)"": 0.23662397060094706}",Metrics include OSRM baseline comparisons for Paper Table 3,"{""n_estimators"": 250, ""max_depth"": 4, ""learning_rate"": 0.026937069931418926, ""subsample"": 0.9481090431246546, ""colsample_bytree"": 0.6964282746192932, ""random_state"": 42, ""early_stopping_rounds"": 20, ""val_split_ratio"": 0.2, ""hpo_note"": ""Bayesian Optimization via Optuna (15 trials) minimizing Temporal Validation MAE""}",250,4,0.026937069931418926,0.9481090431246546,0.6964282746192932,latest/model_ml_weight.json,2026-05-25T20:19:01.420851+00:00
2026-05-26T20:51:26.138785+00:00,xgboost,20260526T205126Z,1152,37,"minute,day_of_week_num,is_weekend,hour_sin,hour_cos,hour_of_day,is_peak_hour,is_monsoon,month,actual_eta_min_lag1,actual_eta_min_lag2,actual_eta_min_lag3,rain_lag_1,rain_lag_2,temperature,rain_mm,humidity,wind_speed,visibility_km,pm2_5,pm10,co_level,no2_level,aqi,rain_accumulation_3h,wmo_rain_category,visibility_penalty,emission_congestion_cross_lag1,weather_condition_encoded,mrt_status,mrt_headway,distance_km,is_anomaly_lag1,osrm_divergence_lag1,rain_x_peak_hour,is_holiday,is_extreme_weather",921,231,0.8,0.5927200131813686,0.21997869081182692,0.70643789489003,0.22786845324624166,10.58369614120814,3.565161230828618,11.367834739988206,4.07912127062352,0.5655473677506049,0.6203096077357729,5,0.20810069323618172,0.28615521534273336,4.611688832164619,4.612202282105978,0.8784143496841956,0.18418732629193882,0.23335369823298927,0.2439718737245964,0.3251429528160855,0.9392778507019048,1.09517506160322,22.731046754502056,19.707670454919846,77.84,73.87,0.09981682455384883,0.26818167126750525,"{""East (Mirpur-14 to 10)"": 0.23009984427484978, ""North (Mirpur-11 to 10)"": 0.2666552274268969, ""South (Kazipara to 10)"": 0.21410640223272911, ""West (Mirpur-1 to 10)"": 0.12255085994457371}",Metrics include OSRM baseline comparisons for Paper Table 3,"{""n_estimators"": 100, ""max_depth"": 4, ""learning_rate"": 0.04364761505152243, ""subsample"": 0.6944061827359114, ""colsample_bytree"": 0.8617067123806867, ""random_state"": 42, ""early_stopping_rounds"": 20, ""val_split_ratio"": 0.2, ""hpo_note"": ""Bayesian Optimization via Optuna (15 trials) minimizing Temporal Validation MAE""}",100,4,0.04364761505152243,0.6944061827359114,0.8617067123806867,latest/model_ml_weight.json,2026-05-26T20:51:26.138809+00:00
2026-05-27T20:58:45.612232+00:00,xgboost,20260527T205845Z,2308,37,"minute,day_of_week_num,is_weekend,hour_sin,hour_cos,hour_of_day,is_peak_hour,is_monsoon,month,actual_eta_min_lag1,actual_eta_min_lag2,actual_eta_min_lag3,rain_lag_1,rain_lag_2,temperature,rain_mm,humidity,wind_speed,visibility_km,pm2_5,pm10,co_level,no2_level,aqi,rain_accumulation_3h,wmo_rain_category,visibility_penalty,emission_congestion_cross_lag1,weather_condition_encoded,mrt_status,mrt_headway,distance_km,is_anomaly_lag1,osrm_divergence_lag1,rain_x_peak_hour,is_holiday,is_extreme_weather",1846,462,0.8,0.39819575669864815,0.308562194732227,0.502668163496906,0.33403997535979135,6.981365420068345,4.793802502598145,7.427840943883986,5.428482249071628,0.37750143712361656,0.4178356153144191,5,0.24519145127498745,0.36984934005019326,4.663554600566913,4.700925092347975,0.8664516887306803,0.22208842247440702,0.2718795026494311,0.3256425331344109,0.41841392540826916,0.82550037630967,0.9337319926598079,16.85571608108268,16.223519944383014,70.3,60.39,0.06835964438203095,0.3634769502396621,"{""East (Mirpur-14 to 10)"": 0.21369082541301337, ""North (Mirpur-11 to 10)"": 0.24598818190201474, ""South (Kazipara to 10)"": 0.23331845159116002, ""West (Mirpur-1 to 10)"": 0.28767286111568585}",Metrics include OSRM baseline comparisons for Paper Table 3,"{""n_estimators"": 200, ""max_depth"": 6, ""learning_rate"": 0.026170368476185334, ""subsample"": 0.6508032610121036, ""colsample_bytree"": 0.813126297313895, ""random_state"": 42, ""early_stopping_rounds"": 20, ""val_split_ratio"": 0.2, ""hpo_note"": ""Bayesian Optimization via Optuna (15 trials) minimizing Temporal Validation MAE""}",200,6,0.026170368476185334,0.6508032610121036,0.813126297313895,latest/model_ml_weight.json,2026-05-27T20:58:45.612254+00:00
2026-05-28T21:04:57.414216+00:00,xgboost,20260528T210457Z,3464,37,"minute,day_of_week_num,is_weekend,hour_sin,hour_cos,hour_of_day,is_peak_hour,is_monsoon,month,actual_eta_min_lag1,actual_eta_min_lag2,actual_eta_min_lag3,rain_lag_1,rain_lag_2,temperature,rain_mm,humidity,wind_speed,visibility_km,pm2_5,pm10,co_level,no2_level,aqi,rain_accumulation_3h,wmo_rain_category,visibility_penalty,emission_congestion_cross_lag1,weather_condition_encoded,mrt_status,mrt_headway,distance_km,is_anomaly_lag1,osrm_divergence_lag1,rain_x_peak_hour,is_holiday,is_extreme_weather",2771,693,0.8,0.3020262037736704,0.2874993356933655,0.4277866925830079,0.34519819155134857,5.480526950770132,4.866685898849551,5.8400793617204725,5.592322276816276,0.28519351134738224,0.31939339484416424,5,0.20341641302232616,0.2999051626346225,3.7992303731116026,3.788432250081555,0.9012321521342276,0.18758255923224387,0.21964015073693674,0.26525633434359064,0.3348494917781112,0.8508492942551947,0.9465117631451554,15.678005511692014,16.035689533989157,76.09,68.31,0.04662257945898804,0.2962590786110862,"{""East (Mirpur-14 to 10)"": 0.15486521820112464, ""North (Mirpur-11 to 10)"": 0.22471958094249575, ""South (Kazipara to 10)"": 0.2158261462305322, ""West (Mirpur-1 to 10)"": 0.21816942916519333}",Metrics include OSRM baseline comparisons for Paper Table 3,"{""n_estimators"": 250, ""max_depth"": 4, ""learning_rate"": 0.027368598132472464, ""subsample"": 0.7833651057998136, ""colsample_bytree"": 0.9354912753044808, ""random_state"": 42, ""early_stopping_rounds"": 20, ""val_split_ratio"": 0.2, ""hpo_note"": ""Bayesian Optimization via Optuna (15 trials) minimizing Temporal Validation MAE""}",250,4,0.027368598132472464,0.7833651057998136,0.9354912753044808,latest/model_ml_weight.json,2026-05-28T21:04:57.414256+00:00
2026-05-29T21:06:25.545937+00:00,xgboost,20260529T210625Z,4620,37,"minute,day_of_week_num,is_weekend,hour_sin,hour_cos,hour_of_day,is_peak_hour,is_monsoon,month,actual_eta_min_lag1,actual_eta_min_lag2,actual_eta_min_lag3,rain_lag_1,rain_lag_2,temperature,rain_mm,humidity,wind_speed,visibility_km,pm2_5,pm10,co_level,no2_level,aqi,rain_accumulation_3h,wmo_rain_category,visibility_penalty,emission_congestion_cross_lag1,weather_condition_encoded,mrt_status,mrt_headway,distance_km,is_anomaly_lag1,osrm_divergence_lag1,rain_x_peak_hour,is_holiday,is_extreme_weather",3696,924,0.8,0.18016559177745473,0.0484119520024943,0.29354941013499525,0.06138621976385532,3.5010631184132173,0.8726278571493611,3.520391467963114,0.9252093144626706,0.17283601663001175,0.1876630700368386,5,0.14521037221470953,0.25738807941231684,2.8150162453665186,2.768033593730125,0.9181088913000283,0.13227467089478587,0.15896025295845875,0.2281994674146906,0.28675153339006265,0.7557577397350124,0.8798792514156879,13.826911406786262,14.167854422984593,80.79,70.75,0.0014640364089569472,0.2573839156220807,"{""East (Mirpur-14 to 10)"": 0.12731263334100903, ""North (Mirpur-11 to 10)"": 0.17019799046702194, ""South (Kazipara to 10)"": 0.14476214413002972, ""West (Mirpur-1 to 10)"": 0.1385687209207774}",Metrics include OSRM baseline comparisons for Paper Table 3,"{""n_estimators"": 250, ""max_depth"": 4, ""learning_rate"": 0.03301365469034632, ""subsample"": 0.9515348722243396, ""colsample_bytree"": 0.7739592615971321, ""random_state"": 42, ""early_stopping_rounds"": 20, ""val_split_ratio"": 0.2, ""hpo_note"": ""Bayesian Optimization via Optuna (15 trials) minimizing Temporal Validation MAE""}",250,4,0.03301365469034632,0.9515348722243396,0.7739592615971321,latest/model_ml_weight.json,2026-05-29T21:06:25.545960+00:00
2026-05-30T13:36:09.290795+00:00,xgboost,20260530T133609Z,5412,37,"minute,day_of_week_num,is_weekend,hour_sin,hour_cos,hour_of_day,is_peak_hour,is_monsoon,month,actual_eta_min_lag1,actual_eta_min_lag2,actual_eta_min_lag3,rain_lag_1,rain_lag_2,temperature,rain_mm,humidity,wind_speed,visibility_km,pm2_5,pm10,co_level,no2_level,aqi,rain_accumulation_3h,wmo_rain_category,visibility_penalty,emission_congestion_cross_lag1,weather_condition_encoded,mrt_status,mrt_headway,distance_km,is_anomaly_lag1,osrm_divergence_lag1,rain_x_peak_hour,is_holiday,is_extreme_weather",4329,1083,0.8,0.16514771249817634,0.024720795096529063,0.27212187768063545,0.01722986114262788,3.4240752983162137,0.7172828652698766,3.3718406753028027,0.6701273495643391,0.15830860030011432,0.1717617781808794,5,0.17467176911133037,0.26463724337058203,4.081743582608932,3.9326023379250357,0.9200564912503106,0.16376299603229744,0.1873793355007471,0.24402300427235213,0.288304447457102,0.8044556532377661,0.9696893031399835,19.467673857373057,17.30830955621189,78.29,72.71,-0.09890459699974165,0.24546028450871507,"{""East (Mirpur-14 to 10)"": 0.15661708194382343, ""North (Mirpur-11 to 10)"": 0.15530124664306635, ""South (Kazipara to 10)"": 0.11534156020806763, ""West (Mirpur-1 to 10)"": 0.21298300554294777}",Metrics include OSRM baseline comparisons for Paper Table 3,"{""n_estimators"": 300, ""max_depth"": 4, ""learning_rate"": 0.0145499737721919, ""subsample"": 0.8303871329055637, ""colsample_bytree"": 0.9238787338605989, ""random_state"": 42, ""early_stopping_rounds"": 20, ""val_split_ratio"": 0.2, ""hpo_note"": ""Bayesian Optimization via Optuna (15 trials) minimizing Temporal Validation MAE""}",300,4,0.0145499737721919,0.8303871329055637,0.9238787338605989,latest/model_ml_weight.json,2026-05-30T13:36:09.290816+00:00
2026-05-30T19:01:39.970479+00:00,xgboost,20260530T190139Z,5672,37,"minute,day_of_week_num,is_weekend,hour_sin,hour_cos,hour_of_day,is_peak_hour,is_monsoon,month,actual_eta_min_lag1,actual_eta_min_lag2,actual_eta_min_lag3,rain_lag_1,rain_lag_2,temperature,rain_mm,humidity,wind_speed,visibility_km,pm2_5,pm10,co_level,no2_level,aqi,rain_accumulation_3h,wmo_rain_category,visibility_penalty,emission_congestion_cross_lag1,weather_condition_encoded,mrt_status,mrt_headway,distance_km,is_anomaly_lag1,osrm_divergence_lag1,rain_x_peak_hour,is_holiday,is_extreme_weather",4537,1135,0.8,0.1673598357811176,0.026323602205965836,0.2821011530147911,0.03506248729099003,3.411326776384441,0.5783805618950286,3.3493617296371196,0.5445081545257767,0.16072523639916111,0.1744412230986136,5,0.18544205449646264,0.31747804223355514,3.9574470641998767,3.8554826823570316,0.8941025157719075,0.1701952254572629,0.20168242370336592,0.2860952108705775,0.34847492329830165,0.7964648342299193,0.964912921934555,17.914321062511547,16.32605033419737,76.72,67.1,-0.0588242841208034,0.3119807861040901,"{""East (Mirpur-14 to 10)"": 0.14046207636175026, ""North (Mirpur-11 to 10)"": 0.17730065901793346, ""South (Kazipara to 10)"": 0.1484731013338331, ""West (Mirpur-1 to 10)"": 0.27550371438684595}",Metrics include OSRM baseline comparisons for Paper Table 3,"{""n_estimators"": 250, ""max_depth"": 4, ""learning_rate"": 0.01701588089342865, ""subsample"": 0.9284246923375437, ""colsample_bytree"": 0.8098008943361816, ""random_state"": 42, ""early_stopping_rounds"": 20, ""val_split_ratio"": 0.2, ""hpo_note"": ""Bayesian Optimization via Optuna (15 trials) minimizing Temporal Validation MAE""}",250,4,0.01701588089342865,0.9284246923375437,0.8098008943361816,latest/model_ml_weight.json,2026-05-30T19:01:39.970499+00:00
2026-05-31T19:02:02.470277+00:00,xgboost,20260531T190202Z,6824,37,"minute,day_of_week_num,is_weekend,hour_sin,hour_cos,hour_of_day,is_peak_hour,is_monsoon,month,actual_eta_min_lag1,actual_eta_min_lag2,actual_eta_min_lag3,rain_lag_1,rain_lag_2,temperature,rain_mm,humidity,wind_speed,visibility_km,pm2_5,pm10,co_level,no2_level,aqi,rain_accumulation_3h,wmo_rain_category,visibility_penalty,emission_congestion_cross_lag1,weather_condition_encoded,mrt_status,mrt_headway,distance_km,is_anomaly_lag1,osrm_divergence_lag1,rain_x_peak_hour,is_holiday,is_extreme_weather",5459,1365,0.8,0.1824336024395918,0.03721623437892339,0.2847195729446112,0.03327488321150935,3.812534035580529,1.1346552598174309,3.7548481246377285,1.0409730569736786,0.17661687482013552,0.18818096052742675,5,0.21847863942799553,0.32576912566987204,5.349163872064639,5.1094066964673335,0.8621535711595956,0.2055408349007477,0.23137849445098482,0.30421825183060847,0.3468123462226148,0.7806883170423867,0.9607036261182111,19.322426812766448,17.134770996702382,72.01,66.09,-0.12678187711946257,0.30008645233295417,"{""East (Mirpur-14 to 10)"": 0.17978978151007555, ""North (Mirpur-11 to 10)"": 0.17035792984539946, ""South (Kazipara to 10)"": 0.16875064238258036, ""West (Mirpur-1 to 10)"": 0.2539777841234886}",Metrics include OSRM baseline comparisons for Paper Table 3,"{""n_estimators"": 250, ""max_depth"": 6, ""learning_rate"": 0.0225032218248035, ""subsample"": 0.605119549440972, ""colsample_bytree"": 0.7543419000964056, ""random_state"": 42, ""early_stopping_rounds"": 20, ""val_split_ratio"": 0.2, ""hpo_note"": ""Bayesian Optimization via Optuna (15 trials) minimizing Temporal Validation MAE""}",250,6,0.0225032218248035,0.605119549440972,0.7543419000964056,latest/model_ml_weight.json,2026-05-31T19:02:02.470298+00:00
2026-06-01T19:01:45.381666+00:00,xgboost,20260601T190145Z,7975,37,"minute,day_of_week_num,is_weekend,hour_sin,hour_cos,hour_of_day,is_peak_hour,is_monsoon,month,actual_eta_min_lag1,actual_eta_min_lag2,actual_eta_min_lag3,rain_lag_1,rain_lag_2,temperature,rain_mm,humidity,wind_speed,visibility_km,pm2_5,pm10,co_level,no2_level,aqi,rain_accumulation_3h,wmo_rain_category,visibility_penalty,emission_congestion_cross_lag1,weather_condition_encoded,mrt_status,mrt_headway,distance_km,is_anomaly_lag1,osrm_divergence_lag1,rain_x_peak_hour,is_holiday,is_extreme_weather",6380,1595,0.8,0.17990300642663684,0.02964274449058475,0.2894904965524629,0.027766013316066967,3.679361560531844,0.5876433144770882,3.627820413736002,0.6073501608609739,0.17453559724834292,0.1856340443915761,5,0.1448124268929413,0.26991626301970933,2.864867377929932,2.8072812437860124,0.9221062607344688,0.1334495791843319,0.15550475385525386,0.24550576620256173,0.2953488255953496,0.7568396969369406,0.9015354826428044,15.70469343044354,15.039169084397985,80.87,70.06,-0.019424510543249274,0.26921641375049943,"{""East (Mirpur-14 to 10)"": 0.13632959066323905, ""North (Mirpur-11 to 10)"": 0.15863856511606014, ""South (Kazipara to 10)"": 0.12678938421091637, ""West (Mirpur-1 to 10)"": 0.15747090734037233}",Metrics include OSRM baseline comparisons for Paper Table 3,"{""n_estimators"": 100, ""max_depth"": 4, ""learning_rate"": 0.05047994088566196, ""subsample"": 0.993756276814834, ""colsample_bytree"": 0.8691681826572463, ""random_state"": 42, ""early_stopping_rounds"": 20, ""val_split_ratio"": 0.2, ""hpo_note"": ""Bayesian Optimization via Optuna (15 trials) minimizing Temporal Validation MAE""}",100,4,0.05047994088566196,0.993756276814834,0.8691681826572463,latest/model_ml_weight.json,2026-06-01T19:01:45.381691+00:00
2026-06-02T19:02:00.190002+00:00,xgboost,20260602T190200Z,9127,37,"minute,day_of_week_num,is_weekend,hour_sin,hour_cos,hour_of_day,is_peak_hour,is_monsoon,month,actual_eta_min_lag1,actual_eta_min_lag2,actual_eta_min_lag3,rain_lag_1,rain_lag_2,temperature,rain_mm,humidity,wind_speed,visibility_km,pm2_5,pm10,co_level,no2_level,aqi,rain_accumulation_3h,wmo_rain_category,visibility_penalty,emission_congestion_cross_lag1,weather_condition_encoded,mrt_status,mrt_headway,distance_km,is_anomaly_lag1,osrm_divergence_lag1,rain_x_peak_hour,is_holiday,is_extreme_weather",7301,1826,0.8,0.1827113608574099,0.041876538982970314,0.29501646605997794,0.03961452213398556,3.752808412703795,1.0961791169197457,3.680760814087703,1.0382547859251192,0.17737308848093872,0.18755115370217473,5,0.14855470310035693,0.2762646128947279,2.9016015865872475,2.844538021541566,0.9239413346844998,0.13782908583627473,0.1595663823089098,0.2538096327752365,0.29931578345801946,0.8122188501524376,0.94939252625184,15.957309712985998,15.744689145656142,81.71,70.9,0.005206919087245992,0.2762155396271048,"{""East (Mirpur-14 to 10)"": 0.1305581981608852, ""North (Mirpur-11 to 10)"": 0.14725366301703874, ""South (Kazipara to 10)"": 0.12451994964950963, ""West (Mirpur-1 to 10)"": 0.1918315622008342}",Metrics include OSRM baseline comparisons for Paper Table 3,"{""n_estimators"": 150, ""max_depth"": 5, ""learning_rate"": 0.024908306292787116, ""subsample"": 0.8826042320380192, ""colsample_bytree"": 0.9022267054002099, ""random_state"": 42, ""early_stopping_rounds"": 20, ""val_split_ratio"": 0.2, ""hpo_note"": ""Bayesian Optimization via Optuna (15 trials) minimizing Temporal Validation MAE""}",150,5,0.024908306292787116,0.8826042320380192,0.9022267054002099,latest/model_ml_weight.json,2026-06-02T19:02:00.190027+00:00
2026-06-03T19:02:07.568205+00:00,xgboost,20260603T190207Z,10279,37,"minute,day_of_week_num,is_weekend,hour_sin,hour_cos,hour_of_day,is_peak_hour,is_monsoon,month,actual_eta_min_lag1,actual_eta_min_lag2,actual_eta_min_lag3,rain_lag_1,rain_lag_2,temperature,rain_mm,humidity,wind_speed,visibility_km,pm2_5,pm10,co_level,no2_level,aqi,rain_accumulation_3h,wmo_rain_category,visibility_penalty,emission_congestion_cross_lag1,weather_condition_encoded,mrt_status,mrt_headway,distance_km,is_anomaly_lag1,osrm_divergence_lag1,rain_x_peak_hour,is_holiday,is_extreme_weather",8223,2056,0.8,0.17192227772781185,0.045719892418102925,0.2869326785092149,0.036329585478190186,3.498752478778985,1.0724042396858413,3.4392534286620267,1.0388124534024112,0.16708117074092368,0.17710828649709603,5,0.12039294084686251,0.24211092283886612,2.3068717610697296,2.2677253480803423,0.9347247000758379,0.11168145668599395,0.12905925110283992,0.22171462296320635,0.2625002295386193,0.7703190976808894,0.9130220019588972,14.987429985820672,14.871823945714405,84.37,73.48,0.01323952405369238,0.241748658653402,"{""East (Mirpur-14 to 10)"": 0.08915375015615026, ""North (Mirpur-11 to 10)"": 0.11113327208196143, ""South (Kazipara to 10)"": 0.12084256530271896, ""West (Mirpur-1 to 10)"": 0.16044217584661943}",Metrics include OSRM baseline comparisons for Paper Table 3,"{""n_estimators"": 300, ""max_depth"": 6, ""learning_rate"": 0.016200294098782066, ""subsample"": 0.6622787882748289, ""colsample_bytree"": 0.9763170215461218, ""random_state"": 42, ""early_stopping_rounds"": 20, ""val_split_ratio"": 0.2, ""hpo_note"": ""Bayesian Optimization via Optuna (15 trials) minimizing Temporal Validation MAE""}",300,6,0.016200294098782066,0.6622787882748289,0.9763170215461218,latest/model_ml_weight.json,2026-06-03T19:02:07.568225+00:00
2026-06-04T19:02:02.233661+00:00,xgboost,20260604T190202Z,11430,37,"minute,day_of_week_num,is_weekend,hour_sin,hour_cos,hour_of_day,is_peak_hour,is_monsoon,month,actual_eta_min_lag1,actual_eta_min_lag2,actual_eta_min_lag3,rain_lag_1,rain_lag_2,temperature,rain_mm,humidity,wind_speed,visibility_km,pm2_5,pm10,co_level,no2_level,aqi,rain_accumulation_3h,wmo_rain_category,visibility_penalty,emission_congestion_cross_lag1,weather_condition_encoded,mrt_status,mrt_headway,distance_km,is_anomaly_lag1,osrm_divergence_lag1,rain_x_peak_hour,is_holiday,is_extreme_weather",9144,2286,0.8,0.1510259351735353,0.026793371708616547,0.2661323129507435,0.030766598436023765,3.061257034988953,0.5785210309249695,3.006272566233696,0.5609506854633997,0.1466829327433879,0.15553458146851207,5,0.13627427924649296,0.2680489417371014,2.5964223217943774,2.55673672159105,0.9277229663410953,0.12716824055041334,0.14576853513071023,0.24707640071505527,0.2894239535723596,0.7961141271957907,0.9427930849180766,16.50164421935944,15.767934660337687,82.88,71.57,0.015220640654743309,0.2676164555187875,"{""East (Mirpur-14 to 10)"": 0.11294945108306993, ""North (Mirpur-11 to 10)"": 0.12394941939572736, ""South (Kazipara to 10)"": 0.1801530435331649, ""West (Mirpur-1 to 10)"": 0.12810036714260395}",Metrics include OSRM baseline comparisons for Paper Table 3,"{""n_estimators"": 150, ""max_depth"": 5, ""learning_rate"": 0.025014894422559452, ""subsample"": 0.8641524886919243, ""colsample_bytree"": 0.8387842275134869, ""random_state"": 42, ""early_stopping_rounds"": 20, ""val_split_ratio"": 0.2, ""hpo_note"": ""Bayesian Optimization via Optuna (15 trials) minimizing Temporal Validation MAE""}",150,5,0.025014894422559452,0.8641524886919243,0.8387842275134869,latest/model_ml_weight.json,2026-06-04T19:02:02.233682+00:00
2026-06-05T19:02:26.058557+00:00,xgboost,20260605T190226Z,12582,37,"minute,day_of_week_num,is_weekend,hour_sin,hour_cos,hour_of_day,is_peak_hour,is_monsoon,month,actual_eta_min_lag1,actual_eta_min_lag2,actual_eta_min_lag3,rain_lag_1,rain_lag_2,temperature,rain_mm,humidity,wind_speed,visibility_km,pm2_5,pm10,co_level,no2_level,aqi,rain_accumulation_3h,wmo_rain_category,visibility_penalty,emission_congestion_cross_lag1,weather_condition_encoded,mrt_status,mrt_headway,distance_km,is_anomaly_lag1,osrm_divergence_lag1,rain_x_peak_hour,is_holiday,is_extreme_weather",10065,2517,0.8,0.17033834613659976,0.05435261569999225,0.28269254497725094,0.04598099442667678,3.6328123265096766,1.2355528937125206,3.5259457371856806,1.1705931488527312,0.16591978133223884,0.17457977902947236,5,0.13203956653638924,0.25781941562655525,2.6709538286876158,2.6190242585536256,0.931196988232929,0.12362033761821671,0.14119736631834465,0.23713863378282224,0.2799938415237934,0.7599286649487107,0.8970552404698379,15.609937887541506,15.355743402673339,82.62,71.26,0.010236872963645791,0.2576161049040696,"{""East (Mirpur-14 to 10)"": 0.09404085688273116, ""North (Mirpur-11 to 10)"": 0.11677886809894748, ""South (Kazipara to 10)"": 0.14585791302998863, ""West (Mirpur-1 to 10)"": 0.14264626962370094}",Metrics include OSRM baseline comparisons for Paper Table 3,"{""n_estimators"": 300, ""max_depth"": 9, ""learning_rate"": 0.083557736081552, ""subsample"": 0.7049536886859695, ""colsample_bytree"": 0.8514012362118406, ""random_state"": 42, ""early_stopping_rounds"": 20, ""val_split_ratio"": 0.2, ""hpo_note"": ""Bayesian Optimization via Optuna (15 trials) minimizing Temporal Validation MAE""}",300,9,0.083557736081552,0.7049536886859695,0.8514012362118406,latest/model_ml_weight.json,2026-06-05T19:02:26.058579+00:00
2026-06-06T19:02:00.039274+00:00,xgboost,20260606T190200Z,13734,37,"minute,day_of_week_num,is_weekend,hour_sin,hour_cos,hour_of_day,is_peak_hour,is_monsoon,month,actual_eta_min_lag1,actual_eta_min_lag2,actual_eta_min_lag3,rain_lag_1,rain_lag_2,temperature,rain_mm,humidity,wind_speed,visibility_km,pm2_5,pm10,co_level,no2_level,aqi,rain_accumulation_3h,wmo_rain_category,visibility_penalty,emission_congestion_cross_lag1,weather_condition_encoded,mrt_status,mrt_headway,distance_km,is_anomaly_lag1,osrm_divergence_lag1,rain_x_peak_hour,is_holiday,is_extreme_weather",10987,2747,0.8,0.1452655814701212,0.02732893331841226,0.2655113483148223,0.023968271240041146,2.9492024910705696,0.775115688047598,2.8890173250332856,0.7270943370373406,0.14114295832239004,0.14949892575198148,5,0.13778125591090604,0.26480550982988893,2.608574525055737,2.584938786438659,0.9287249498653468,0.1297952375606402,0.14625800976685535,0.2459671839728227,0.28256091120043664,0.808831384203145,0.9474469718578262,16.648456394883183,15.996355314882019,82.97,72.05,0.010877331631982958,0.26458201316951846,"{""East (Mirpur-14 to 10)"": 0.11567829898351142, ""North (Mirpur-11 to 10)"": 0.13730228064011554, ""South (Kazipara to 10)"": 0.1333731443080319, ""West (Mirpur-1 to 10)"": 0.16477060251360895}",Metrics include OSRM baseline comparisons for Paper Table 3,"{""n_estimators"": 250, ""max_depth"": 5, ""learning_rate"": 0.026233350973470643, ""subsample"": 0.9095516210283118, ""colsample_bytree"": 0.8233957718670265, ""random_state"": 42, ""early_stopping_rounds"": 20, ""val_split_ratio"": 0.2, ""hpo_note"": ""Bayesian Optimization via Optuna (15 trials) minimizing Temporal Validation MAE""}",250,5,0.026233350973470643,0.9095516210283118,0.8233957718670265,latest/model_ml_weight.json,2026-06-06T19:02:00.039295+00:00
2026-06-07T17:33:01.517322+00:00,xgboost,20260607T173301Z,14814,39,"minute,day_of_week_num,is_weekend,hour_sin,hour_cos,direction_encoded,hour_encoded,hour_of_day,is_peak_hour,is_monsoon,month,actual_eta_min_lag1,actual_eta_min_lag2,actual_eta_min_lag3,rain_lag_1,rain_lag_2,temperature,rain_mm,humidity,wind_speed,visibility_km,pm2_5,pm10,co_level,no2_level,aqi,rain_accumulation_3h,wmo_rain_category,visibility_penalty,emission_congestion_cross_lag1,weather_condition_encoded,mrt_status,mrt_headway,distance_km,is_anomaly_lag1,osrm_divergence_lag1,rain_x_peak_hour,is_holiday,is_extreme_weather",11851,2963,0.8,0.15282663445300831,0.033525423799585494,0.26799055060992,0.0319194229432015,3.1010448112306115,0.7861994578376376,3.0362274221596315,0.756947524944768,0.14913847243191986,0.15683541442593757,5,0.12819229594928128,0.2389484776265165,2.49242298077496,2.4676071105975863,0.942961330865215,0.12085344171620607,0.13615534283484795,0.22214870841717377,0.2561802269861154,0.8188175997935206,0.9616981650569011,17.19634957661129,16.34786237212926,84.34,75.15,0.0005921577835984025,0.2389477438880501,"{""East (Mirpur-14 to 10)"": 0.10195765423227741, ""North (Mirpur-11 to 10)"": 0.13502416968990016, ""South (Kazipara to 10)"": 0.10358795198190872, ""West (Mirpur-1 to 10)"": 0.17220862769565765}",Metrics include OSRM baseline comparisons for Paper Table 3,"{""n_estimators"": 200, ""max_depth"": 5, ""learning_rate"": 0.02532361412471761, ""subsample"": 0.903345419572595, ""colsample_bytree"": 0.9984067957444853, ""random_state"": 42, ""early_stopping_rounds"": 20, ""val_split_ratio"": 0.2, ""hpo_note"": ""Bayesian Optimization via Optuna (15 trials) minimizing Temporal Validation MAE""}",200,5,0.02532361412471761,0.903345419572595,0.9984067957444853,latest/model_ml_weight.json,2026-06-07T17:33:01.517344+00:00
2026-06-07T17:56:37.862159+00:00,xgboost,20260607T175637Z,14834,39,"minute,day_of_week_num,is_weekend,hour_sin,hour_cos,direction_encoded,hour_encoded,hour_of_day,is_peak_hour,is_monsoon,month,actual_eta_min_lag1,actual_eta_min_lag2,actual_eta_min_lag3,rain_lag_1,rain_lag_2,temperature,rain_mm,humidity,wind_speed,visibility_km,pm2_5,pm10,co_level,no2_level,aqi,rain_accumulation_3h,wmo_rain_category,visibility_penalty,emission_congestion_cross_lag1,weather_condition_encoded,mrt_status,mrt_headway,distance_km,is_anomaly_lag1,osrm_divergence_lag1,rain_x_peak_hour,is_holiday,is_extreme_weather",11867,2967,0.8,0.1774224323825157,0.05340559616253355,0.29420483822091903,0.05228868267256339,3.6259689496440295,1.235870443854355,3.53850362966285,1.1794038011583645,0.17317489771543973,0.18176620364991594,5,0.1374688312137091,0.24772157016422017,2.6715008787358863,2.6419908064186726,0.9387753299925011,0.12988904095957646,0.14490273277069288,0.2321605003104756,0.2634997167425646,0.8185888324071211,0.9626445163855972,17.210891972464808,16.350515944043902,83.21,74.27,0.004301850586014622,0.24768421509285218,"{""East (Mirpur-14 to 10)"": 0.11406861357933108, ""North (Mirpur-11 to 10)"": 0.14272947961341356, ""South (Kazipara to 10)"": 0.1153921279624466, ""West (Mirpur-1 to 10)"": 0.1776921935222862}",Metrics include OSRM baseline comparisons for Paper Table 3,"{""n_estimators"": 200, ""max_depth"": 8, ""learning_rate"": 0.02116849875462, ""subsample"": 0.6868226732081102, ""colsample_bytree"": 0.9334421212435824, ""random_state"": 42, ""early_stopping_rounds"": 20, ""val_split_ratio"": 0.2, ""hpo_note"": ""Bayesian Optimization via Optuna (15 trials) minimizing Temporal Validation MAE""}",200,8,0.02116849875462,0.6868226732081102,0.9334421212435824,latest/model_ml_weight.json,2026-06-07T17:56:37.862181+00:00
2026-06-07T19:02:11.571717+00:00,xgboost,20260607T190211Z,14886,39,"minute,day_of_week_num,is_weekend,hour_sin,hour_cos,direction_encoded,hour_encoded,hour_of_day,is_peak_hour,is_monsoon,month,actual_eta_min_lag1,actual_eta_min_lag2,actual_eta_min_lag3,rain_lag_1,rain_lag_2,temperature,rain_mm,humidity,wind_speed,visibility_km,pm2_5,pm10,co_level,no2_level,aqi,rain_accumulation_3h,wmo_rain_category,visibility_penalty,emission_congestion_cross_lag1,weather_condition_encoded,mrt_status,mrt_headway,distance_km,is_anomaly_lag1,osrm_divergence_lag1,rain_x_peak_hour,is_holiday,is_extreme_weather",11908,2978,0.8,0.17014949139583885,0.050000719891546114,0.2865708152797695,0.04851318355843429,3.4901834232122155,1.15413961819808,3.4064304474811897,1.1059967623116023,0.1662381353060789,0.17423312923488288,5,0.13320588333803668,0.24489808511643768,2.6189776571532666,2.5850174887389143,0.9411861530518641,0.12566160111206343,0.14026241513232085,0.22926403607815474,0.25968947105192813,0.8285202221492456,0.9709907290932424,17.521725759179684,16.593264877426286,83.92,74.78,-0.0008964484549753818,0.2448964443879607,"{""East (Mirpur-14 to 10)"": 0.11181764954688565, ""North (Mirpur-11 to 10)"": 0.14094133621902877, ""South (Kazipara to 10)"": 0.1059368859055222, ""West (Mirpur-1 to 10)"": 0.17410144215782214}",Metrics include OSRM baseline comparisons for Paper Table 3,"{""n_estimators"": 300, ""max_depth"": 7, ""learning_rate"": 0.014695601348712194, ""subsample"": 0.6461087973464166, ""colsample_bytree"": 0.9433900596159099, ""random_state"": 42, ""early_stopping_rounds"": 20, ""val_split_ratio"": 0.2, ""hpo_note"": ""Bayesian Optimization via Optuna (15 trials) minimizing Temporal Validation MAE""}",300,7,0.014695601348712194,0.6461087973464166,0.9433900596159099,latest/model_ml_weight.json,2026-06-07T19:02:11.571742+00:00
2026-06-08T04:56:55.821322+00:00,xgboost,20260608T045655Z,15362,39,"minute,day_of_week_num,is_weekend,hour_sin,hour_cos,direction_encoded,hour_encoded,hour_of_day,is_peak_hour,is_monsoon,month,actual_eta_min_lag1,actual_eta_min_lag2,actual_eta_min_lag3,rain_lag_1,rain_lag_2,temperature,rain_mm,humidity,wind_speed,visibility_km,pm2_5,pm10,co_level,no2_level,aqi,rain_accumulation_3h,wmo_rain_category,visibility_penalty,emission_congestion_cross_lag1,weather_condition_encoded,mrt_status,mrt_headway,distance_km,is_anomaly_lag1,osrm_divergence_lag1,rain_x_peak_hour,is_holiday,is_extreme_weather",12289,3073,0.8,0.16060051228851077,0.05268767326764936,0.275786700252062,0.05262624596711353,3.2571336739262824,1.1440690414656804,3.187920764325958,1.1082356168317258,0.15658428058750926,0.1644428512259945,5,0.1097265346594133,0.21364180264661753,2.1960461659667896,2.1690015184814744,0.9536721680990727,0.10296680973493971,0.11612104466385847,0.19858632720093397,0.22881465542095897,0.8213217532083914,0.9791035272124569,18.526433227550047,16.950465013822015,86.64,78.18,-0.004146109024554358,0.21360156745223752,"{""East (Mirpur-14 to 10)"": 0.0946122632175684, ""North (Mirpur-11 to 10)"": 0.12063470552364985, ""South (Kazipara to 10)"": 0.07899485281358166, ""West (Mirpur-1 to 10)"": 0.14461888433587877}",Metrics include OSRM baseline comparisons for Paper Table 3,"{""n_estimators"": 250, ""max_depth"": 6, ""learning_rate"": 0.026771401081794172, ""subsample"": 0.7741269610231143, ""colsample_bytree"": 0.9375920406844779, ""random_state"": 42, ""early_stopping_rounds"": 20, ""val_split_ratio"": 0.2, ""hpo_note"": ""Bayesian Optimization via Optuna (15 trials) minimizing Temporal Validation MAE""}",250,6,0.026771401081794172,0.7741269610231143,0.9375920406844779,latest/model_ml_weight.json,2026-06-08T04:56:55.821345+00:00
2026-06-08T19:02:36.389495+00:00,xgboost,20260608T190236Z,16038,39,"minute,day_of_week_num,is_weekend,hour_sin,hour_cos,direction_encoded,hour_encoded,hour_of_day,is_peak_hour,is_monsoon,month,actual_eta_min_lag1,actual_eta_min_lag2,actual_eta_min_lag3,rain_lag_1,rain_lag_2,temperature,rain_mm,humidity,wind_speed,visibility_km,pm2_5,pm10,co_level,no2_level,aqi,rain_accumulation_3h,wmo_rain_category,visibility_penalty,emission_congestion_cross_lag1,weather_condition_encoded,mrt_status,mrt_headway,distance_km,is_anomaly_lag1,osrm_divergence_lag1,rain_x_peak_hour,is_holiday,is_extreme_weather",12830,3208,0.8,0.1779999238173702,0.06923501988986812,0.29100468958485204,0.06818470888957434,3.628046441826052,1.5036843449230897,3.5410798024045924,1.4493311361387118,0.17412743584809123,0.18226256005365307,5,0.11751203135064713,0.21428346526635153,2.293947360284403,2.2669998557110405,0.9520631624076346,0.1114032099559123,0.12384364786327925,0.20024258762952257,0.22868210461853858,0.8053913504461373,0.9446591881034482,16.775423189437454,16.032330566547568,85.41,77.32,0.008678310797398796,0.2141076607883507,"{""East (Mirpur-14 to 10)"": 0.10511177259193098, ""North (Mirpur-11 to 10)"": 0.13543230339773277, ""South (Kazipara to 10)"": 0.09251704617926011, ""West (Mirpur-1 to 10)"": 0.13698700323366464}",Metrics include OSRM baseline comparisons for Paper Table 3,"{""n_estimators"": 200, ""max_depth"": 8, ""learning_rate"": 0.02017021604683665, ""subsample"": 0.6017262123368978, ""colsample_bytree"": 0.8741136212923317, ""random_state"": 42, ""early_stopping_rounds"": 20, ""val_split_ratio"": 0.2, ""hpo_note"": ""Bayesian Optimization via Optuna (15 trials) minimizing Temporal Validation MAE""}",200,8,0.02017021604683665,0.6017262123368978,0.8741136212923317,latest/model_ml_weight.json,2026-06-08T19:02:36.389518+00:00
2026-06-09T19:02:52.300262+00:00,xgboost,20260609T190252Z,17190,39,"minute,day_of_week_num,is_weekend,hour_sin,hour_cos,direction_encoded,hour_encoded,hour_of_day,is_peak_hour,is_monsoon,month,actual_eta_min_lag1,actual_eta_min_lag2,actual_eta_min_lag3,rain_lag_1,rain_lag_2,temperature,rain_mm,humidity,wind_speed,visibility_km,pm2_5,pm10,co_level,no2_level,aqi,rain_accumulation_3h,wmo_rain_category,visibility_penalty,emission_congestion_cross_lag1,weather_condition_encoded,mrt_status,mrt_headway,distance_km,is_anomaly_lag1,osrm_divergence_lag1,rain_x_peak_hour,is_holiday,is_extreme_weather",13752,3438,0.8,0.1568699373248568,0.05773586431932838,0.269388995510626,0.061580931205096535,3.155277624240523,1.2330911532226279,3.095568355290167,1.1956552106537164,0.1531286432052033,0.16052219447849933,5,0.10861172415337775,0.20386378569821825,2.0988129834470812,2.084346074834987,0.9616241518082842,0.10291533649633484,0.11445982673578724,0.19059880163879828,0.21609213093297783,0.8486798580233516,0.9944381128684043,18.042954222069323,16.986151933219563,87.2,79.5,0.014864004910720367,0.20332118551007697,"{""East (Mirpur-14 to 10)"": 0.09579902719896892, ""North (Mirpur-11 to 10)"": 0.11947285618854207, ""South (Kazipara to 10)"": 0.09556018064407867, ""West (Mirpur-1 to 10)"": 0.12361228559183517}",Metrics include OSRM baseline comparisons for Paper Table 3,"{""n_estimators"": 250, ""max_depth"": 6, ""learning_rate"": 0.01586712166512096, ""subsample"": 0.7945772385779989, ""colsample_bytree"": 0.9375920406844779, ""random_state"": 42, ""early_stopping_rounds"": 20, ""val_split_ratio"": 0.2, ""hpo_note"": ""Bayesian Optimization via Optuna (15 trials) minimizing Temporal Validation MAE""}",250,6,0.01586712166512096,0.7945772385779989,0.9375920406844779,latest/model_ml_weight.json,2026-06-09T19:02:52.300283+00:00
2026-06-10T19:02:38.853553+00:00,xgboost,20260610T190238Z,18342,39,"minute,day_of_week_num,is_weekend,hour_sin,hour_cos,direction_encoded,hour_encoded,hour_of_day,is_peak_hour,is_monsoon,month,actual_eta_min_lag1,actual_eta_min_lag2,actual_eta_min_lag3,rain_lag_1,rain_lag_2,temperature,rain_mm,humidity,wind_speed,visibility_km,pm2_5,pm10,co_level,no2_level,aqi,rain_accumulation_3h,wmo_rain_category,visibility_penalty,emission_congestion_cross_lag1,weather_condition_encoded,mrt_status,mrt_headway,distance_km,is_anomaly_lag1,osrm_divergence_lag1,rain_x_peak_hour,is_holiday,is_extreme_weather",14673,3669,0.8,0.15730924522404893,0.06549568692816783,0.2711389978977053,0.06351134634816288,3.170345196658691,1.557124016728088,3.105640646942315,1.4854364837735197,0.15353000262263242,0.16112799184335616,5,0.11055128296638711,0.2212588905312832,2.04042458621868,2.0336874603230255,0.9542207106367191,0.10452469379539939,0.11701974974831367,0.2070059001964896,0.23553109569368658,0.8398224560384497,0.9854695312521912,17.213945260041168,16.53172443974911,86.84,77.55,0.02965178182190724,0.21926301209716237,"{""East (Mirpur-14 to 10)"": 0.09491873599710744, ""North (Mirpur-11 to 10)"": 0.12010186405452283, ""South (Kazipara to 10)"": 0.1131067307824787, ""West (Mirpur-1 to 10)"": 0.11407395950849279}",Metrics include OSRM baseline comparisons for Paper Table 3,"{""n_estimators"": 300, ""max_depth"": 7, ""learning_rate"": 0.01520369732927739, ""subsample"": 0.6535415213300954, ""colsample_bytree"": 0.979983331802778, ""random_state"": 42, ""early_stopping_rounds"": 20, ""val_split_ratio"": 0.2, ""hpo_note"": ""Bayesian Optimization via Optuna (15 trials) minimizing Temporal Validation MAE""}",300,7,0.01520369732927739,0.6535415213300954,0.979983331802778,latest/model_ml_weight.json,2026-06-10T19:02:38.853576+00:00
2026-06-11T19:02:36.679464+00:00,xgboost,20260611T190236Z,19494,39,"minute,day_of_week_num,is_weekend,hour_sin,hour_cos,direction_encoded,hour_encoded,hour_of_day,is_peak_hour,is_monsoon,month,actual_eta_min_lag1,actual_eta_min_lag2,actual_eta_min_lag3,rain_lag_1,rain_lag_2,temperature,rain_mm,humidity,wind_speed,visibility_km,pm2_5,pm10,co_level,no2_level,aqi,rain_accumulation_3h,wmo_rain_category,visibility_penalty,emission_congestion_cross_lag1,weather_condition_encoded,mrt_status,mrt_headway,distance_km,is_anomaly_lag1,osrm_divergence_lag1,rain_x_peak_hour,is_holiday,is_extreme_weather",15595,3899,0.8,0.1492172523057068,0.06142876168579505,0.2631268090684252,0.058971312124090874,2.989323607471243,1.4649371699492093,2.929748494187729,1.3935682142376147,0.14552479088772402,0.15270526433032122,5,0.10462074073836508,0.214265159718649,1.8557450526141797,1.8690677512824085,0.9577780178342453,0.09926669569014279,0.11071122240206925,0.20108579687859338,0.22860636118496355,0.8723588770881575,1.0101275618864052,17.252297004164134,16.902662862612985,88.01,78.79,0.03964938684010024,0.21056468078113733,"{""East (Mirpur-14 to 10)"": 0.08241994625971867, ""North (Mirpur-11 to 10)"": 0.11380984059594249, ""South (Kazipara to 10)"": 0.09969245153573844, ""West (Mirpur-1 to 10)"": 0.12257014927986341}",Metrics include OSRM baseline comparisons for Paper Table 3,"{""n_estimators"": 250, ""max_depth"": 6, ""learning_rate"": 0.03311829888072381, ""subsample"": 0.8186841117373118, ""colsample_bytree"": 0.6739417822102108, ""random_state"": 42, ""early_stopping_rounds"": 20, ""val_split_ratio"": 0.2, ""hpo_note"": ""Bayesian Optimization via Optuna (15 trials) minimizing Temporal Validation MAE""}",250,6,0.03311829888072381,0.8186841117373118,0.6739417822102108,latest/model_ml_weight.json,2026-06-11T19:02:36.679487+00:00
2026-06-12T19:02:27.325944+00:00,xgboost,20260612T190227Z,20646,39,"minute,day_of_week_num,is_weekend,hour_sin,hour_cos,direction_encoded,hour_encoded,hour_of_day,is_peak_hour,is_monsoon,month,actual_eta_min_lag1,actual_eta_min_lag2,actual_eta_min_lag3,rain_lag_1,rain_lag_2,temperature,rain_mm,humidity,wind_speed,visibility_km,pm2_5,pm10,co_level,no2_level,aqi,rain_accumulation_3h,wmo_rain_category,visibility_penalty,emission_congestion_cross_lag1,weather_condition_encoded,mrt_status,mrt_headway,distance_km,is_anomaly_lag1,osrm_divergence_lag1,rain_x_peak_hour,is_holiday,is_extreme_weather",16516,4130,0.8,0.1383346161702385,0.04900877632905653,0.2507632830542617,0.049498895670836936,2.7527914160635714,1.2042117456834125,2.7026185682212054,1.1386609678448303,0.13521541785248764,0.14163062525150283,5,0.1075221010143474,0.21725736069909868,1.894017017377953,1.909776530209933,0.9559677799241044,0.10155131150723656,0.11333416210698735,0.20276776589289622,0.23132239117686032,0.8752272760341411,1.0103306178150748,16.98974793689179,16.814150114556377,87.71,78.5,0.041359578903881755,0.21328419071940577,"{""East (Mirpur-14 to 10)"": 0.08469405671864717, ""North (Mirpur-11 to 10)"": 0.11552932986917423, ""South (Kazipara to 10)"": 0.10140287672826487, ""West (Mirpur-1 to 10)"": 0.12846396843207658}",Metrics include OSRM baseline comparisons for Paper Table 3,"{""n_estimators"": 250, ""max_depth"": 6, ""learning_rate"": 0.03311829888072381, ""subsample"": 0.8186841117373118, ""colsample_bytree"": 0.6739417822102108, ""random_state"": 42, ""early_stopping_rounds"": 20, ""val_split_ratio"": 0.2, ""hpo_note"": ""Bayesian Optimization via Optuna (15 trials) minimizing Temporal Validation MAE""}",250,6,0.03311829888072381,0.8186841117373118,0.6739417822102108,latest/model_ml_weight.json,2026-06-12T19:02:27.325966+00:00
2026-06-13T19:02:44.936444+00:00,xgboost,20260613T190244Z,21797,39,"minute,day_of_week_num,is_weekend,hour_sin,hour_cos,direction_encoded,hour_encoded,hour_of_day,is_peak_hour,is_monsoon,month,actual_eta_min_lag1,actual_eta_min_lag2,actual_eta_min_lag3,rain_lag_1,rain_lag_2,temperature,rain_mm,humidity,wind_speed,visibility_km,pm2_5,pm10,co_level,no2_level,aqi,rain_accumulation_3h,wmo_rain_category,visibility_penalty,emission_congestion_cross_lag1,weather_condition_encoded,mrt_status,mrt_headway,distance_km,is_anomaly_lag1,osrm_divergence_lag1,rain_x_peak_hour,is_holiday,is_extreme_weather",17437,4360,0.8,0.14710303407776198,0.05653005910114887,0.2589389380349686,0.05056983704311421,2.9431881431355134,1.407251353020323,2.8858422822404326,1.3290976563918206,0.1440655527888415,0.15033472972208972,5,0.10208753367301521,0.21247928271775726,1.8390623227529792,1.8424697598697488,0.9557633633610506,0.0966668965390516,0.10814396792469767,0.19825698715853451,0.22629057637560201,0.8380771838997556,0.978723557994068,16.682413994187833,16.268827093143546,87.82,78.29,0.035763761238220636,0.20944784306921896,"{""East (Mirpur-14 to 10)"": 0.08373305918317321, ""North (Mirpur-11 to 10)"": 0.11841635077014986, ""South (Kazipara to 10)"": 0.09431913427475397, ""West (Mirpur-1 to 10)"": 0.1118875801617896}",Metrics include OSRM baseline comparisons for Paper Table 3,"{""n_estimators"": 300, ""max_depth"": 8, ""learning_rate"": 0.019920332865647764, ""subsample"": 0.6031295652086336, ""colsample_bytree"": 0.9273022681672848, ""random_state"": 42, ""early_stopping_rounds"": 20, ""val_split_ratio"": 0.2, ""hpo_note"": ""Bayesian Optimization via Optuna (15 trials) minimizing Temporal Validation MAE""}",300,8,0.019920332865647764,0.6031295652086336,0.9273022681672848,latest/model_ml_weight.json,2026-06-13T19:02:44.936467+00:00
2026-06-14T19:02:31.378749+00:00,xgboost,20260614T190231Z,22949,39,"minute,day_of_week_num,is_weekend,hour_sin,hour_cos,direction_encoded,hour_encoded,hour_of_day,is_peak_hour,is_monsoon,month,actual_eta_min_lag1,actual_eta_min_lag2,actual_eta_min_lag3,rain_lag_1,rain_lag_2,temperature,rain_mm,humidity,wind_speed,visibility_km,pm2_5,pm10,co_level,no2_level,aqi,rain_accumulation_3h,wmo_rain_category,visibility_penalty,emission_congestion_cross_lag1,weather_condition_encoded,mrt_status,mrt_headway,distance_km,is_anomaly_lag1,osrm_divergence_lag1,rain_x_peak_hour,is_holiday,is_extreme_weather",18359,4590,0.8,0.13928110275557848,0.050812972722225305,0.25154403486958865,0.05273855903864225,2.7775513083294383,1.237925876798142,2.7225900796183833,1.1637888208909863,0.1364095151518304,0.1422623893787796,5,0.09268192668366275,0.19680112814736725,1.7085506975483105,1.7074249487175404,0.9642910169997733,0.08783917135174239,0.09793214172693639,0.1837519569322341,0.2099261848213454,0.8649669579460946,1.0058434457915533,18.19304493848745,17.195576086720997,89.28,80.43,0.02642576630079147,0.19501887835666684,"{""East (Mirpur-14 to 10)"": 0.07809011530793086, ""North (Mirpur-11 to 10)"": 0.10959538256726754, ""South (Kazipara to 10)"": 0.07020853808532611, ""West (Mirpur-1 to 10)"": 0.11286313672514328}",Metrics include OSRM baseline comparisons for Paper Table 3,"{""n_estimators"": 150, ""max_depth"": 7, ""learning_rate"": 0.049738021116350756, ""subsample"": 0.7980181763322469, ""colsample_bytree"": 0.997970003393999, ""random_state"": 42, ""early_stopping_rounds"": 20, ""val_split_ratio"": 0.2, ""hpo_note"": ""Bayesian Optimization via Optuna (15 trials) minimizing Temporal Validation MAE""}",150,7,0.049738021116350756,0.7980181763322469,0.997970003393999,latest/model_ml_weight.json,2026-06-14T19:02:31.378772+00:00
2026-06-15T19:02:57.945453+00:00,xgboost,20260615T190257Z,24101,39,"minute,day_of_week_num,is_weekend,hour_sin,hour_cos,direction_encoded,hour_encoded,hour_of_day,is_peak_hour,is_monsoon,month,actual_eta_min_lag1,actual_eta_min_lag2,actual_eta_min_lag3,rain_lag_1,rain_lag_2,temperature,rain_mm,humidity,wind_speed,visibility_km,pm2_5,pm10,co_level,no2_level,aqi,rain_accumulation_3h,wmo_rain_category,visibility_penalty,emission_congestion_cross_lag1,weather_condition_encoded,mrt_status,mrt_headway,distance_km,is_anomaly_lag1,osrm_divergence_lag1,rain_x_peak_hour,is_holiday,is_extreme_weather",19280,4821,0.8,0.12346578583251908,0.03324214733212266,0.23462908647378838,0.036669155912791455,2.4366684772267755,0.8424440450516681,2.3979611634614035,0.7925689062425085,0.12056470439158588,0.1262823223016533,5,0.09589681536546513,0.1982033527783773,1.7743666405473941,1.7728197265337247,0.963383742266089,0.0909205305629735,0.10065892114037919,0.18599495570388763,0.21098497312046646,0.8507267720158878,0.9947233399471783,17.951229191294665,16.923474534874842,88.73,80.07,0.02805893590603098,0.1962071995835299,"{""East (Mirpur-14 to 10)"": 0.07949523713062848, ""North (Mirpur-11 to 10)"": 0.11804168848500297, ""South (Kazipara to 10)"": 0.07834635682323662, ""West (Mirpur-1 to 10)"": 0.10772615090333802}",Metrics include OSRM baseline comparisons for Paper Table 3,"{""n_estimators"": 250, ""max_depth"": 6, ""learning_rate"": 0.026771401081794172, ""subsample"": 0.7741269610231143, ""colsample_bytree"": 0.9375920406844779, ""random_state"": 42, ""early_stopping_rounds"": 20, ""val_split_ratio"": 0.2, ""hpo_note"": ""Bayesian Optimization via Optuna (15 trials) minimizing Temporal Validation MAE""}",250,6,0.026771401081794172,0.7741269610231143,0.9375920406844779,latest/model_ml_weight.json,2026-06-15T19:02:57.945475+00:00
2026-06-16T19:03:46.605432+00:00,xgboost,20260616T190346Z,25253,39,"minute,day_of_week_num,is_weekend,hour_sin,hour_cos,direction_encoded,hour_encoded,hour_of_day,is_peak_hour,is_monsoon,month,actual_eta_min_lag1,actual_eta_min_lag2,actual_eta_min_lag3,rain_lag_1,rain_lag_2,temperature,rain_mm,humidity,wind_speed,visibility_km,pm2_5,pm10,co_level,no2_level,aqi,rain_accumulation_3h,wmo_rain_category,visibility_penalty,emission_congestion_cross_lag1,weather_condition_encoded,mrt_status,mrt_headway,distance_km,is_anomaly_lag1,osrm_divergence_lag1,rain_x_peak_hour,is_holiday,is_extreme_weather",20202,5051,0.8,0.13683597731816904,0.04717276196590349,0.2477467991354529,0.053258220306512914,2.7384909417728194,1.22683104528169,2.6806207133489592,1.1415975981471966,0.13415354583913838,0.1396973933282574,5,0.10000258137225822,0.20435909594544865,1.862963674348492,1.8495514481848427,0.9610698998992669,0.09517125405077652,0.10506600198791041,0.1909297918984795,0.21722087140538102,0.851298975707365,0.9923389165795709,17.838776176646544,16.884697357452385,88.25,79.41,0.02525237563765182,0.20279289341664813,"{""East (Mirpur-14 to 10)"": 0.0780431982797002, ""North (Mirpur-11 to 10)"": 0.12100787919977009, ""South (Kazipara to 10)"": 0.08127892621056204, ""West (Mirpur-1 to 10)"": 0.1196969530720231}",Metrics include OSRM baseline comparisons for Paper Table 3,"{""n_estimators"": 200, ""max_depth"": 9, ""learning_rate"": 0.024233757919956682, ""subsample"": 0.7174947111476835, ""colsample_bytree"": 0.9375920406844779, ""random_state"": 42, ""early_stopping_rounds"": 20, ""val_split_ratio"": 0.2, ""hpo_note"": ""Bayesian Optimization via Optuna (15 trials) minimizing Temporal Validation MAE""}",200,9,0.024233757919956682,0.7174947111476835,0.9375920406844779,latest/model_ml_weight.json,2026-06-16T19:03:46.605456+00:00
2026-06-17T19:02:17.645307+00:00,xgboost,20260617T190217Z,26405,39,"minute,day_of_week_num,is_weekend,hour_sin,hour_cos,direction_encoded,hour_encoded,hour_of_day,is_peak_hour,is_monsoon,month,actual_eta_min_lag1,actual_eta_min_lag2,actual_eta_min_lag3,rain_lag_1,rain_lag_2,temperature,rain_mm,humidity,wind_speed,visibility_km,pm2_5,pm10,co_level,no2_level,aqi,rain_accumulation_3h,wmo_rain_category,visibility_penalty,emission_congestion_cross_lag1,weather_condition_encoded,mrt_status,mrt_headway,distance_km,is_anomaly_lag1,osrm_divergence_lag1,rain_x_peak_hour,is_holiday,is_extreme_weather",21124,5281,0.8,0.14098058704462918,0.024968687204171516,0.24419668044917242,0.026391935226464467,2.854224068104289,0.6072127970945828,2.813772450977326,0.5827925072418642,0.13831556643339724,0.143601155134472,5,0.1254747787440191,0.2237591614985477,2.464119908626673,2.4459480395218414,0.9560177626346894,0.12066193134124206,0.13054158094438997,0.21038325469460772,0.23676098944226143,0.8610117274623185,1.009838721489798,18.050546419169216,17.04913085328139,85.43,77.84,0.019451471882050646,0.22291209611897453,"{""North (Mirpur-11 to 10)"": 0.1351303794127828, ""South (Kazipara to 10)"": 0.11264595888474667, ""West (Mirpur-1 to 10)"": 0.128658963977309}",Metrics include OSRM baseline comparisons for Paper Table 3,"{""n_estimators"": 250, ""max_depth"": 5, ""learning_rate"": 0.011615865989246453, ""subsample"": 0.9795542149013333, ""colsample_bytree"": 0.9862528132298237, ""random_state"": 42, ""early_stopping_rounds"": 20, ""val_split_ratio"": 0.2, ""hpo_note"": ""Bayesian Optimization via Optuna (15 trials) minimizing Temporal Validation MAE""}",250,5,0.011615865989246453,0.9795542149013333,0.9862528132298237,latest/model_ml_weight.json,2026-06-17T19:02:17.645328+00:00
2026-06-18T19:03:01.544936+00:00,xgboost,20260618T190301Z,27557,39,"minute,day_of_week_num,is_weekend,hour_sin,hour_cos,direction_encoded,hour_encoded,hour_of_day,is_peak_hour,is_monsoon,month,actual_eta_min_lag1,actual_eta_min_lag2,actual_eta_min_lag3,rain_lag_1,rain_lag_2,temperature,rain_mm,humidity,wind_speed,visibility_km,pm2_5,pm10,co_level,no2_level,aqi,rain_accumulation_3h,wmo_rain_category,visibility_penalty,emission_congestion_cross_lag1,weather_condition_encoded,mrt_status,mrt_headway,distance_km,is_anomaly_lag1,osrm_divergence_lag1,rain_x_peak_hour,is_holiday,is_extreme_weather",22045,5512,0.8,0.12971894281168017,0.04091963771323685,0.24367205817428267,0.05053560560281669,2.5883922216579096,1.0030232210807661,2.54235588016039,0.9349555548028309,0.12700001792314783,0.13254698747018487,5,0.0984890193638158,0.21076758276242027,1.896073967969648,1.8854535179508691,0.9544079627313419,0.09371725833567376,0.10356844956175856,0.19633712659831756,0.22544121708003215,0.7911234627040018,0.9350078727076995,16.776956838455366,16.025698860256092,87.55,77.46,0.02010805966892158,0.20980619599970055,"{""East (Mirpur-14 to 10)"": 0.07919445250947992, ""North (Mirpur-11 to 10)"": 0.12496060974684807, ""South (Kazipara to 10)"": 0.08768058172251027, ""West (Mirpur-1 to 10)"": 0.09991004848704971}",Metrics include OSRM baseline comparisons for Paper Table 3,"{""n_estimators"": 200, ""max_depth"": 8, ""learning_rate"": 0.01972143575413012, ""subsample"": 0.7581908764807852, ""colsample_bytree"": 0.9831959559114114, ""random_state"": 42, ""early_stopping_rounds"": 20, ""val_split_ratio"": 0.2, ""hpo_note"": ""Bayesian Optimization via Optuna (15 trials) minimizing Temporal Validation MAE""}",200,8,0.01972143575413012,0.7581908764807852,0.9831959559114114,latest/model_ml_weight.json,2026-06-18T19:03:01.544959+00:00
2026-06-19T19:02:38.854241+00:00,xgboost,20260619T190238Z,28709,39,"minute,day_of_week_num,is_weekend,hour_sin,hour_cos,direction_encoded,hour_encoded,hour_of_day,is_peak_hour,is_monsoon,month,actual_eta_min_lag1,actual_eta_min_lag2,actual_eta_min_lag3,rain_lag_1,rain_lag_2,temperature,rain_mm,humidity,wind_speed,visibility_km,pm2_5,pm10,co_level,no2_level,aqi,rain_accumulation_3h,wmo_rain_category,visibility_penalty,emission_congestion_cross_lag1,weather_condition_encoded,mrt_status,mrt_headway,distance_km,is_anomaly_lag1,osrm_divergence_lag1,rain_x_peak_hour,is_holiday,is_extreme_weather",22967,5742,0.8,0.13446093257773278,0.022730318447007177,0.2342989334247015,0.034830053574864205,2.7298479684926678,0.5418862493227677,2.6897346119620513,0.510060934590716,0.13206633890038946,0.13679454301025554,5,0.11853087545811446,0.21692943564873768,2.473248327787259,2.4255911763358986,0.950920429454097,0.1138083149271533,0.12321053620490909,0.20400355534102718,0.22982690199285646,0.7874884399698611,0.9366929307257732,17.009856698536645,16.11959583074915,84.95,76.84,0.009457508815950054,0.21672317729739027,"{""East (Mirpur-14 to 10)"": 0.10500213174958735, ""North (Mirpur-11 to 10)"": 0.13356932856188988, ""South (Kazipara to 10)"": 0.1063665193436921, ""West (Mirpur-1 to 10)"": 0.12212524831274137}",Metrics include OSRM baseline comparisons for Paper Table 3,"{""n_estimators"": 250, ""max_depth"": 5, ""learning_rate"": 0.011615865989246453, ""subsample"": 0.9795542149013333, ""colsample_bytree"": 0.9862528132298237, ""random_state"": 42, ""early_stopping_rounds"": 20, ""val_split_ratio"": 0.2, ""hpo_note"": ""Bayesian Optimization via Optuna (15 trials) minimizing Temporal Validation MAE""}",250,5,0.011615865989246453,0.9795542149013333,0.9862528132298237,latest/model_ml_weight.json,2026-06-19T19:02:38.854262+00:00
2026-06-20T19:02:44.388398+00:00,xgboost,20260620T190244Z,29860,39,"minute,day_of_week_num,is_weekend,hour_sin,hour_cos,direction_encoded,hour_encoded,hour_of_day,is_peak_hour,is_monsoon,month,actual_eta_min_lag1,actual_eta_min_lag2,actual_eta_min_lag3,rain_lag_1,rain_lag_2,temperature,rain_mm,humidity,wind_speed,visibility_km,pm2_5,pm10,co_level,no2_level,aqi,rain_accumulation_3h,wmo_rain_category,visibility_penalty,emission_congestion_cross_lag1,weather_condition_encoded,mrt_status,mrt_headway,distance_km,is_anomaly_lag1,osrm_divergence_lag1,rain_x_peak_hour,is_holiday,is_extreme_weather",23888,5972,0.8,0.1396903042988762,0.021883219961073404,0.24317831460060702,0.0360773444396097,2.8915521366375523,0.5920958811238126,2.8300156486618184,0.5360191226551809,0.1371641360182758,0.14218386625283402,5,0.13928883886145652,0.25288888997877224,3.2148428971792833,3.06419318082533,0.945480254956752,0.13396364143101547,0.14460402484768123,0.2401995380746628,0.2654494326843898,0.836609534929299,1.0232820889247516,18.87897136769356,17.152915076628066,83.35,75.29,-0.0023170540577121365,0.25287827493715076,"{""East (Mirpur-14 to 10)"": 0.1221327355917027, ""North (Mirpur-11 to 10)"": 0.15642772035598757, ""South (Kazipara to 10)"": 0.14283955482478677, ""West (Mirpur-1 to 10)"": 0.13681026484725908}",Metrics include OSRM baseline comparisons for Paper Table 3,"{""n_estimators"": 250, ""max_depth"": 5, ""learning_rate"": 0.011615865989246453, ""subsample"": 0.9795542149013333, ""colsample_bytree"": 0.9862528132298237, ""random_state"": 42, ""early_stopping_rounds"": 20, ""val_split_ratio"": 0.2, ""hpo_note"": ""Bayesian Optimization via Optuna (15 trials) minimizing Temporal Validation MAE""}",250,5,0.011615865989246453,0.9795542149013333,0.9862528132298237,latest/model_ml_weight.json,2026-06-20T19:02:44.388422+00:00
2026-06-21T19:02:49.733402+00:00,xgboost,20260621T190249Z,31012,39,"minute,day_of_week_num,is_weekend,hour_sin,hour_cos,direction_encoded,hour_encoded,hour_of_day,is_peak_hour,is_monsoon,month,actual_eta_min_lag1,actual_eta_min_lag2,actual_eta_min_lag3,rain_lag_1,rain_lag_2,temperature,rain_mm,humidity,wind_speed,visibility_km,pm2_5,pm10,co_level,no2_level,aqi,rain_accumulation_3h,wmo_rain_category,visibility_penalty,emission_congestion_cross_lag1,weather_condition_encoded,mrt_status,mrt_headway,distance_km,is_anomaly_lag1,osrm_divergence_lag1,rain_x_peak_hour,is_holiday,is_extreme_weather",24809,6203,0.8,0.13472294198580942,0.033003746392657234,0.2507223976041846,0.044061263743074154,2.84230605228385,0.9681862022627817,2.756033320935619,0.8756413083192225,0.13216033294111396,0.13717451538047737,5,0.15166450348896654,0.2761212725223536,3.765809042358575,3.5363684211683752,0.9411721781870803,0.1459644712901742,0.15743697469641502,0.2648772338921563,0.2879479094615492,0.9019493238916106,1.1170625173656445,21.54157141747107,18.75578904777328,83.18,75.28,-0.025218637344357888,0.27496722981085875,"{""East (Mirpur-14 to 10)"": 0.12369030225054055, ""North (Mirpur-11 to 10)"": 0.15728631445087204, ""South (Kazipara to 10)"": 0.15462141368004584, ""West (Mirpur-1 to 10)"": 0.1710618900284315}",Metrics include OSRM baseline comparisons for Paper Table 3,"{""n_estimators"": 200, ""max_depth"": 8, ""learning_rate"": 0.02134487354856654, ""subsample"": 0.6342340273631956, ""colsample_bytree"": 0.8953622178900085, ""random_state"": 42, ""early_stopping_rounds"": 20, ""val_split_ratio"": 0.2, ""hpo_note"": ""Bayesian Optimization via Optuna (15 trials) minimizing Temporal Validation MAE""}",200,8,0.02134487354856654,0.6342340273631956,0.8953622178900085,latest/model_ml_weight.json,2026-06-21T19:02:49.733428+00:00
2026-06-22T19:02:34.529419+00:00,xgboost,20260622T190234Z,32164,39,"minute,day_of_week_num,is_weekend,hour_sin,hour_cos,direction_encoded,hour_encoded,hour_of_day,is_peak_hour,is_monsoon,month,actual_eta_min_lag1,actual_eta_min_lag2,actual_eta_min_lag3,rain_lag_1,rain_lag_2,temperature,rain_mm,humidity,wind_speed,visibility_km,pm2_5,pm10,co_level,no2_level,aqi,rain_accumulation_3h,wmo_rain_category,visibility_penalty,emission_congestion_cross_lag1,weather_condition_encoded,mrt_status,mrt_headway,distance_km,is_anomaly_lag1,osrm_divergence_lag1,rain_x_peak_hour,is_holiday,is_extreme_weather",25731,6433,0.8,0.14385921879668734,0.019354340149759355,0.24929853280497366,0.028613908857229916,3.127821734652632,0.800964965261288,3.031357093889324,0.6937737985332696,0.1415006373707928,0.14631938659096833,5,0.16916447141947688,0.296299307624432,4.3070180512886385,4.013142379989069,0.9369509634481622,0.16380602675786607,0.17564650292687853,0.28564116177718324,0.307855727131714,0.9183238747033527,1.1481802033511765,22.253384243497536,19.168092855645302,81.58,74.19,-0.0219044306814513,0.2954885371977047,"{""North (Mirpur-11 to 10)"": 0.16901630481677268, ""South (Kazipara to 10)"": 0.1639646496924002, ""West (Mirpur-1 to 10)"": 0.17450996651460518}",Metrics include OSRM baseline comparisons for Paper Table 3,"{""n_estimators"": 250, ""max_depth"": 5, ""learning_rate"": 0.011615865989246453, ""subsample"": 0.9795542149013333, ""colsample_bytree"": 0.9862528132298237, ""random_state"": 42, ""early_stopping_rounds"": 20, ""val_split_ratio"": 0.2, ""hpo_note"": ""Bayesian Optimization via Optuna (15 trials) minimizing Temporal Validation MAE""}",250,5,0.011615865989246453,0.9795542149013333,0.9862528132298237,latest/model_ml_weight.json,2026-06-22T19:02:34.529442+00:00
2026-06-23T19:03:02.683697+00:00,xgboost,20260623T190302Z,33304,39,"minute,day_of_week_num,is_weekend,hour_sin,hour_cos,direction_encoded,hour_encoded,hour_of_day,is_peak_hour,is_monsoon,month,actual_eta_min_lag1,actual_eta_min_lag2,actual_eta_min_lag3,rain_lag_1,rain_lag_2,temperature,rain_mm,humidity,wind_speed,visibility_km,pm2_5,pm10,co_level,no2_level,aqi,rain_accumulation_3h,wmo_rain_category,visibility_penalty,emission_congestion_cross_lag1,weather_condition_encoded,mrt_status,mrt_headway,distance_km,is_anomaly_lag1,osrm_divergence_lag1,rain_x_peak_hour,is_holiday,is_extreme_weather",26643,6661,0.8,0.15930714617308198,0.0515482959923668,0.27949613376236243,0.05113110204675503,3.5195892086096316,1.4768525600561908,3.3811258294835453,1.346499121056848,0.15657239376880028,0.1621480642576218,5,0.20768840730521365,0.3600862613937432,5.839922450020478,5.2744509717558925,0.913984144688648,0.200567692058542,0.21533044412235944,0.3484243844547489,0.37224672385748153,0.9500384002613215,1.2191934230961867,24.742923704270037,20.40490916937437,78.14,70.47,-0.07729827628302477,0.3516917572650748,"{""East (Mirpur-14 to 10)"": 0.19252002723506087, ""North (Mirpur-11 to 10)"": 0.21480839878803976, ""South (Kazipara to 10)"": 0.20963874314266903, ""West (Mirpur-1 to 10)"": 0.21379307509899712}",Metrics include OSRM baseline comparisons for Paper Table 3,"{""n_estimators"": 200, ""max_depth"": 9, ""learning_rate"": 0.02328566722391323, ""subsample"": 0.6757278702530551, ""colsample_bytree"": 0.9375920406844779, ""random_state"": 42, ""early_stopping_rounds"": 20, ""val_split_ratio"": 0.2, ""hpo_note"": ""Bayesian Optimization via Optuna (15 trials) minimizing Temporal Validation MAE""}",200,9,0.02328566722391323,0.6757278702530551,0.9375920406844779,latest/model_ml_weight.json,2026-06-23T19:03:02.683719+00:00
2026-06-24T19:02:47.764739+00:00,xgboost,20260624T190247Z,34456,39,"minute,day_of_week_num,is_weekend,hour_sin,hour_cos,direction_encoded,hour_encoded,hour_of_day,is_peak_hour,is_monsoon,month,actual_eta_min_lag1,actual_eta_min_lag2,actual_eta_min_lag3,rain_lag_1,rain_lag_2,temperature,rain_mm,humidity,wind_speed,visibility_km,pm2_5,pm10,co_level,no2_level,aqi,rain_accumulation_3h,wmo_rain_category,visibility_penalty,emission_congestion_cross_lag1,weather_condition_encoded,mrt_status,mrt_headway,distance_km,is_anomaly_lag1,osrm_divergence_lag1,rain_x_peak_hour,is_holiday,is_extreme_weather",27564,6892,0.8,0.1282777796934308,0.029541444546958874,0.24437184222191552,0.04201246998308184,2.9353066847671028,1.2532251958736327,2.8076416307450445,1.0753321260632294,0.1259330917016341,0.13062110805716592,5,0.17682755154921295,0.3176133732000546,5.104109425110831,4.649905849879612,0.9346735008471899,0.17079127810157735,0.1831393885857064,0.3077012166952325,0.3280953286957326,0.9561608730232988,1.237948020157495,25.50026553612112,20.690313771922337,81.51,74.34,-0.06002771640335897,0.3118892882080356,"{""East (Mirpur-14 to 10)"": 0.14843893568038943, ""North (Mirpur-11 to 10)"": 0.17438418248034782, ""South (Kazipara to 10)"": 0.173087452885088, ""West (Mirpur-1 to 10)"": 0.19745310187885778}",Metrics include OSRM baseline comparisons for Paper Table 3,"{""n_estimators"": 150, ""max_depth"": 4, ""learning_rate"": 0.024416919388045466, ""subsample"": 0.8914038280289425, ""colsample_bytree"": 0.9339061366238853, ""random_state"": 42, ""early_stopping_rounds"": 20, ""val_split_ratio"": 0.2, ""hpo_note"": ""Bayesian Optimization via Optuna (15 trials) minimizing Temporal Validation MAE""}",150,4,0.024416919388045466,0.8914038280289425,0.9339061366238853,latest/model_ml_weight.json,2026-06-24T19:02:47.764761+00:00
2026-06-25T19:02:53.166030+00:00,xgboost,20260625T190253Z,34543,39,"minute,day_of_week_num,is_weekend,hour_sin,hour_cos,direction_encoded,hour_encoded,hour_of_day,is_peak_hour,is_monsoon,month,actual_eta_min_lag1,actual_eta_min_lag2,actual_eta_min_lag3,rain_lag_1,rain_lag_2,temperature,rain_mm,humidity,wind_speed,visibility_km,pm2_5,pm10,co_level,no2_level,aqi,rain_accumulation_3h,wmo_rain_category,visibility_penalty,emission_congestion_cross_lag1,weather_condition_encoded,mrt_status,mrt_headway,distance_km,is_anomaly_lag1,osrm_divergence_lag1,rain_x_peak_hour,is_holiday,is_extreme_weather",27634,6909,0.8,0.1472977645308147,0.03332674617472447,0.2642856245725099,0.04579244073863663,3.444451808272138,1.3482338029454637,3.2740385136980974,1.148769054477927,0.1445909064693958,0.15012678923332717,5,0.19160853445693854,0.3283458654342915,5.647656775687244,5.129180391613878,0.9342265569416093,0.1847747195225615,0.19799700969700051,0.3183460674165735,0.3382701915842591,1.0144946986962264,1.2777321337530587,27.27104626381516,22.209094187278016,81.11,74.3,-0.06489692894486583,0.32186860045881904,"{""East (Mirpur-14 to 10)"": 0.17432614587315176, ""North (Mirpur-11 to 10)"": 0.17888130101024124, ""South (Kazipara to 10)"": 0.1950435150592208, ""West (Mirpur-1 to 10)"": 0.2117376486187155}",Metrics include OSRM baseline comparisons for Paper Table 3,"{""n_estimators"": 100, ""max_depth"": 6, ""learning_rate"": 0.03347776308515933, ""subsample"": 0.7727780074568463, ""colsample_bytree"": 0.7164916560792167, ""random_state"": 42, ""early_stopping_rounds"": 20, ""val_split_ratio"": 0.2, ""hpo_note"": ""Bayesian Optimization via Optuna (15 trials) minimizing Temporal Validation MAE""}",100,6,0.03347776308515933,0.7727780074568463,0.7164916560792167,latest/model_ml_weight.json,2026-06-25T19:02:53.166059+00:00
2026-06-26T19:03:37.137103+00:00,xgboost,20260626T190337Z,34543,39,"minute,day_of_week_num,is_weekend,hour_sin,hour_cos,direction_encoded,hour_encoded,hour_of_day,is_peak_hour,is_monsoon,month,actual_eta_min_lag1,actual_eta_min_lag2,actual_eta_min_lag3,rain_lag_1,rain_lag_2,temperature,rain_mm,humidity,wind_speed,visibility_km,pm2_5,pm10,co_level,no2_level,aqi,rain_accumulation_3h,wmo_rain_category,visibility_penalty,emission_congestion_cross_lag1,weather_condition_encoded,mrt_status,mrt_headway,distance_km,is_anomaly_lag1,osrm_divergence_lag1,rain_x_peak_hour,is_holiday,is_extreme_weather",27634,6909,0.8,0.148425654331636,0.040809953521354934,0.2739807607915141,0.06078602923929904,3.4317325710095288,1.6297473672033893,3.237947855692186,1.3587503267095327,0.1457169599479243,0.15122036010242904,5,0.20927549866695516,0.3529228525553776,6.046174797494735,5.437929029868209,0.9189738745471857,0.2031069454228176,0.216187174765828,0.34190073128187537,0.36418843169209153,0.9671119552105536,1.2256680489907186,25.505613427941515,21.04310159269687,78.36,71.21,-0.08020620957972395,0.34368809086245367,"{""East (Mirpur-14 to 10)"": 0.1750307761921602, ""North (Mirpur-11 to 10)"": 0.20157397826889814, ""South (Kazipara to 10)"": 0.21781428193755462, ""West (Mirpur-1 to 10)"": 0.2292092776163823}",Metrics include OSRM baseline comparisons for Paper Table 3,"{""n_estimators"": 200, ""max_depth"": 9, ""learning_rate"": 0.026013968879551805, ""subsample"": 0.7238736580945132, ""colsample_bytree"": 0.9281889012746769, ""random_state"": 42, ""early_stopping_rounds"": 20, ""val_split_ratio"": 0.2, ""hpo_note"": ""Bayesian Optimization via Optuna (15 trials) minimizing Temporal Validation MAE""}",200,9,0.026013968879551805,0.7238736580945132,0.9281889012746769,latest/model_ml_weight.json,2026-06-26T19:03:37.137128+00:00
2026-06-27T19:02:31.807466+00:00,xgboost,20260627T190231Z,34543,39,"minute,day_of_week_num,is_weekend,hour_sin,hour_cos,direction_encoded,hour_encoded,hour_of_day,is_peak_hour,is_monsoon,month,actual_eta_min_lag1,actual_eta_min_lag2,actual_eta_min_lag3,rain_lag_1,rain_lag_2,temperature,rain_mm,humidity,wind_speed,visibility_km,pm2_5,pm10,co_level,no2_level,aqi,rain_accumulation_3h,wmo_rain_category,visibility_penalty,emission_congestion_cross_lag1,weather_condition_encoded,mrt_status,mrt_headway,distance_km,is_anomaly_lag1,osrm_divergence_lag1,rain_x_peak_hour,is_holiday,is_extreme_weather",27634,6909,0.8,0.1350429394473337,0.03279887922487262,0.251644669877541,0.041346925468708697,3.096731874295087,1.232497050228445,2.9725866863627126,1.0950458625073336,0.1325454362712222,0.13743073961037777,5,0.17750193959742866,0.3077920049945443,5.158205146947953,4.739315924380418,0.9459564214395517,0.17139572043318121,0.1834756446956881,0.2981474684972472,0.31750863668302715,1.049030096928362,1.3288856202988624,29.056458018811142,23.207231732703676,83.08,76.84,-0.05874133822023824,0.30213469433790147,"{""East (Mirpur-14 to 10)"": 0.15058658698096347, ""North (Mirpur-11 to 10)"": 0.1733206350049607, ""South (Kazipara to 10)"": 0.17275287649752885, ""West (Mirpur-1 to 10)"": 0.20422674351497894}",Metrics include OSRM baseline comparisons for Paper Table 3,"{""n_estimators"": 100, ""max_depth"": 4, ""learning_rate"": 0.07348118405270448, ""subsample"": 0.8404460046972835, ""colsample_bytree"": 0.8832290311184181, ""random_state"": 42, ""early_stopping_rounds"": 20, ""val_split_ratio"": 0.2, ""hpo_note"": ""Bayesian Optimization via Optuna (15 trials) minimizing Temporal Validation MAE""}",100,4,0.07348118405270448,0.8404460046972835,0.8832290311184181,latest/model_ml_weight.json,2026-06-27T19:02:31.807492+00:00
2026-06-28T19:02:15.790009+00:00,xgboost,20260628T190215Z,34543,39,"minute,day_of_week_num,is_weekend,hour_sin,hour_cos,direction_encoded,hour_encoded,hour_of_day,is_peak_hour,is_monsoon,month,actual_eta_min_lag1,actual_eta_min_lag2,actual_eta_min_lag3,rain_lag_1,rain_lag_2,temperature,rain_mm,humidity,wind_speed,visibility_km,pm2_5,pm10,co_level,no2_level,aqi,rain_accumulation_3h,wmo_rain_category,visibility_penalty,emission_congestion_cross_lag1,weather_condition_encoded,mrt_status,mrt_headway,distance_km,is_anomaly_lag1,osrm_divergence_lag1,rain_x_peak_hour,is_holiday,is_extreme_weather",27634,6909,0.8,0.12042475935376226,0.02493720783222812,0.24076989435287438,0.031887218358626825,2.759069081019887,1.0613878427047283,2.64795889047411,0.9353524630594224,0.11810946000843633,0.12286106728931795,5,0.16598905699455646,0.2940119591674079,4.788909490651987,4.427110253507967,0.9482996146713822,0.1604724389138831,0.17190900559379801,0.28465601139322955,0.30353073979561357,1.0072113768106,1.2993421791558195,28.030737051254967,22.28262962436526,83.52,77.37,-0.06360895637769501,0.28704865929315543,"{""North (Mirpur-11 to 10)"": 0.15505649287425155, ""South (Kazipara to 10)"": 0.15396848403211788, ""West (Mirpur-1 to 10)"": 0.1889274867417084}",Metrics include OSRM baseline comparisons for Paper Table 3,"{""n_estimators"": 150, ""max_depth"": 4, ""learning_rate"": 0.049069708207682056, ""subsample"": 0.6538237027877302, ""colsample_bytree"": 0.8884730934524878, ""random_state"": 42, ""early_stopping_rounds"": 20, ""val_split_ratio"": 0.2, ""hpo_note"": ""Bayesian Optimization via Optuna (15 trials) minimizing Temporal Validation MAE""}",150,4,0.049069708207682056,0.6538237027877302,0.8884730934524878,latest/model_ml_weight.json,2026-06-28T19:02:15.790031+00:00
2026-06-29T19:02:52.379665+00:00,xgboost,20260629T190252Z,34543,39,"minute,day_of_week_num,is_weekend,hour_sin,hour_cos,direction_encoded,hour_encoded,hour_of_day,is_peak_hour,is_monsoon,month,actual_eta_min_lag1,actual_eta_min_lag2,actual_eta_min_lag3,rain_lag_1,rain_lag_2,temperature,rain_mm,humidity,wind_speed,visibility_km,pm2_5,pm10,co_level,no2_level,aqi,rain_accumulation_3h,wmo_rain_category,visibility_penalty,emission_congestion_cross_lag1,weather_condition_encoded,mrt_status,mrt_headway,distance_km,is_anomaly_lag1,osrm_divergence_lag1,rain_x_peak_hour,is_holiday,is_extreme_weather",27634,6909,0.8,0.1240515674583113,0.03412506922311149,0.2436675691592974,0.053832877338376994,2.964724099021427,1.380313499314407,2.809412469980825,1.1992468568148096,0.12162146671680148,0.12661517576082976,5,0.16651959288946747,0.3107136052327206,4.9660742187950655,4.51779663722783,0.9383823287769554,0.16016396965482227,0.17237175361615634,0.2990177503539743,0.3225156704251764,0.9712184418051558,1.2493440769760156,26.662741126158775,21.542440577702397,82.85,75.13,-0.06201022907593328,0.3044629303653652,"{""East (Mirpur-14 to 10)"": 0.16489924892126837, ""North (Mirpur-11 to 10)"": 0.17436657657064134, ""South (Kazipara to 10)"": 0.16075702307412687, ""West (Mirpur-1 to 10)"": 0.16725871653439853}",Metrics include OSRM baseline comparisons for Paper Table 3,"{""n_estimators"": 300, ""max_depth"": 4, ""learning_rate"": 0.018120923937199558, ""subsample"": 0.7168953862007945, ""colsample_bytree"": 0.9831959559114114, ""random_state"": 42, ""early_stopping_rounds"": 20, ""val_split_ratio"": 0.2, ""hpo_note"": ""Bayesian Optimization via Optuna (15 trials) minimizing Temporal Validation MAE""}",300,4,0.018120923937199558,0.7168953862007945,0.9831959559114114,latest/model_ml_weight.json,2026-06-29T19:02:52.379688+00:00
2026-06-30T19:02:38.009496+00:00,xgboost,20260630T190238Z,34543,39,"minute,day_of_week_num,is_weekend,hour_sin,hour_cos,direction_encoded,hour_encoded,hour_of_day,is_peak_hour,is_monsoon,month,actual_eta_min_lag1,actual_eta_min_lag2,actual_eta_min_lag3,rain_lag_1,rain_lag_2,temperature,rain_mm,humidity,wind_speed,visibility_km,pm2_5,pm10,co_level,no2_level,aqi,rain_accumulation_3h,wmo_rain_category,visibility_penalty,emission_congestion_cross_lag1,weather_condition_encoded,mrt_status,mrt_headway,distance_km,is_anomaly_lag1,osrm_divergence_lag1,rain_x_peak_hour,is_holiday,is_extreme_weather",27634,6909,0.8,0.14133234374672665,0.0363116369512892,0.2513467662787378,0.055518616666789464,3.388519452017763,1.4034443210559524,3.2192571342108236,1.224548913567787,0.13889339503088158,0.14392531814066634,5,0.18538925661055844,0.3255516273864818,5.555151735390808,5.053869595972406,0.9363732832567407,0.17884967187224293,0.19188087331874276,0.3143028133534651,0.33692085714216347,1.0184119085711036,1.2966045421318293,28.36954359055929,22.74058500922317,81.8,74.89,-0.06679758279916084,0.3186250853686444,"{""East (Mirpur-14 to 10)"": 0.192923967889597, ""North (Mirpur-11 to 10)"": 0.182394421196532, ""South (Kazipara to 10)"": 0.17442184572998531, ""West (Mirpur-1 to 10)"": 0.19212689517529533}",Metrics include OSRM baseline comparisons for Paper Table 3,"{""n_estimators"": 100, ""max_depth"": 6, ""learning_rate"": 0.03347776308515933, ""subsample"": 0.7727780074568463, ""colsample_bytree"": 0.7164916560792167, ""random_state"": 42, ""early_stopping_rounds"": 20, ""val_split_ratio"": 0.2, ""hpo_note"": ""Bayesian Optimization via Optuna (15 trials) minimizing Temporal Validation MAE""}",100,6,0.03347776308515933,0.7727780074568463,0.7164916560792167,latest/model_ml_weight.json,2026-06-30T19:02:38.009546+00:00
2026-07-01T19:02:44.563629+00:00,xgboost,20260701T190244Z,34522,39,"minute,day_of_week_num,is_weekend,hour_sin,hour_cos,direction_encoded,hour_encoded,hour_of_day,is_peak_hour,is_monsoon,month,actual_eta_min_lag1,actual_eta_min_lag2,actual_eta_min_lag3,rain_lag_1,rain_lag_2,temperature,rain_mm,humidity,wind_speed,visibility_km,pm2_5,pm10,co_level,no2_level,aqi,rain_accumulation_3h,wmo_rain_category,visibility_penalty,emission_congestion_cross_lag1,weather_condition_encoded,mrt_status,mrt_headway,distance_km,is_anomaly_lag1,osrm_divergence_lag1,rain_x_peak_hour,is_holiday,is_extreme_weather",27617,6905,0.8,0.16769323686241336,0.03178525913381544,0.287248463357593,0.05219528413541263,3.9786655367376205,1.135996959550703,3.7985844120292014,0.9525569596636225,0.16507907453410503,0.1704583401570336,5,0.14988850900040948,0.2472942693778564,3.8058688923607322,3.6593497755337627,0.9626559258408783,0.14534599992992395,0.15475367939643117,0.2379696843378462,0.2569714350279571,1.0015268341900572,1.2834119813482296,27.56889948529605,22.04207775621606,85.03,80.73,-0.021291438534327117,0.24637599378240319,"{""East (Mirpur-14 to 10)"": 0.1479182404593781, ""North (Mirpur-11 to 10)"": 0.13542089674576469, ""South (Kazipara to 10)"": 0.15076816705812038, ""West (Mirpur-1 to 10)"": 0.16543048647696668}",Metrics include OSRM baseline comparisons for Paper Table 3,"{""n_estimators"": 250, ""max_depth"": 5, ""learning_rate"": 0.011615865989246453, ""subsample"": 0.9795542149013333, ""colsample_bytree"": 0.9862528132298237, ""random_state"": 42, ""early_stopping_rounds"": 20, ""val_split_ratio"": 0.2, ""hpo_note"": ""Bayesian Optimization via Optuna (15 trials) minimizing Temporal Validation MAE""}",250,5,0.011615865989246453,0.9795542149013333,0.9862528132298237,latest/model_ml_weight.json,2026-07-01T19:02:44.563653+00:00
2026-07-02T19:02:53.073434+00:00,xgboost,20260702T190253Z,34522,39,"minute,day_of_week_num,is_weekend,hour_sin,hour_cos,direction_encoded,hour_encoded,hour_of_day,is_peak_hour,is_monsoon,month,actual_eta_min_lag1,actual_eta_min_lag2,actual_eta_min_lag3,rain_lag_1,rain_lag_2,temperature,rain_mm,humidity,wind_speed,visibility_km,pm2_5,pm10,co_level,no2_level,aqi,rain_accumulation_3h,wmo_rain_category,visibility_penalty,emission_congestion_cross_lag1,weather_condition_encoded,mrt_status,mrt_headway,distance_km,is_anomaly_lag1,osrm_divergence_lag1,rain_x_peak_hour,is_holiday,is_extreme_weather",27617,6905,0.8,0.16693430547152274,0.02317918872940132,0.28273086137604037,0.042835393807631135,4.115772708346498,1.0641532945854069,3.886687719232627,0.8674656801432592,0.16446989183167302,0.16991363640572535,5,0.13851177467357242,0.2327828996135599,3.3341145376780763,3.2564387123767116,0.967292954350398,0.1337769387122948,0.14305725309878137,0.22342649065045794,0.24218399757471346,1.0118684992065177,1.288671993785045,27.79001506795443,22.24974106467141,86.31,81.94,-0.0042611340088398765,0.23274389592308412,"{""East (Mirpur-14 to 10)"": 0.13627898581261297, ""North (Mirpur-11 to 10)"": 0.1318623231086178, ""South (Kazipara to 10)"": 0.13509966390572176, ""West (Mirpur-1 to 10)"": 0.15079644954197655}",Metrics include OSRM baseline comparisons for Paper Table 3,"{""n_estimators"": 250, ""max_depth"": 5, ""learning_rate"": 0.011615865989246453, ""subsample"": 0.9795542149013333, ""colsample_bytree"": 0.9862528132298237, ""random_state"": 42, ""early_stopping_rounds"": 20, ""val_split_ratio"": 0.2, ""hpo_note"": ""Bayesian Optimization via Optuna (15 trials) minimizing Temporal Validation MAE""}",250,5,0.011615865989246453,0.9795542149013333,0.9862528132298237,latest/model_ml_weight.json,2026-07-02T19:02:53.073455+00:00
2026-07-03T19:02:58.597810+00:00,xgboost,20260703T190258Z,34518,39,"minute,day_of_week_num,is_weekend,hour_sin,hour_cos,direction_encoded,hour_encoded,hour_of_day,is_peak_hour,is_monsoon,month,actual_eta_min_lag1,actual_eta_min_lag2,actual_eta_min_lag3,rain_lag_1,rain_lag_2,temperature,rain_mm,humidity,wind_speed,visibility_km,pm2_5,pm10,co_level,no2_level,aqi,rain_accumulation_3h,wmo_rain_category,visibility_penalty,emission_congestion_cross_lag1,weather_condition_encoded,mrt_status,mrt_headway,distance_km,is_anomaly_lag1,osrm_divergence_lag1,rain_x_peak_hour,is_holiday,is_extreme_weather",27614,6904,0.8,0.1672666654906728,0.058542323911970846,0.30412526038953375,0.10173930083984345,4.427806440857802,2.4736079273227354,4.0086994516346115,1.9637497711572143,0.16410299442665235,0.17046103606992405,5,0.1874592115691197,0.3270462679340582,5.374087853510479,4.86998818543915,0.9336154683743301,0.1810749060508136,0.19403647243828098,0.31571471544847424,0.33806409026493106,0.9969670939182234,1.2621421319948545,26.86091423809216,21.795893906628283,81.2,74.09,-0.06849796154960419,0.31979257438712483,"{""East (Mirpur-14 to 10)"": 0.1745533570766449, ""North (Mirpur-11 to 10)"": 0.1753876591165113, ""South (Kazipara to 10)"": 0.1839933766291394, ""West (Mirpur-1 to 10)"": 0.2095370994963096}",Metrics include OSRM baseline comparisons for Paper Table 3,"{""n_estimators"": 200, ""max_depth"": 8, ""learning_rate"": 0.017921317272086623, ""subsample"": 0.9820579316166452, ""colsample_bytree"": 0.9935584941681304, ""random_state"": 42, ""early_stopping_rounds"": 20, ""val_split_ratio"": 0.2, ""hpo_note"": ""Bayesian Optimization via Optuna (15 trials) minimizing Temporal Validation MAE""}",200,8,0.017921317272086623,0.9820579316166452,0.9935584941681304,latest/model_ml_weight.json,2026-07-03T19:02:58.597830+00:00
2026-07-04T19:03:07.555810+00:00,xgboost,20260704T190307Z,34519,39,"minute,day_of_week_num,is_weekend,hour_sin,hour_cos,direction_encoded,hour_encoded,hour_of_day,is_peak_hour,is_monsoon,month,actual_eta_min_lag1,actual_eta_min_lag2,actual_eta_min_lag3,rain_lag_1,rain_lag_2,temperature,rain_mm,humidity,wind_speed,visibility_km,pm2_5,pm10,co_level,no2_level,aqi,rain_accumulation_3h,wmo_rain_category,visibility_penalty,emission_congestion_cross_lag1,weather_condition_encoded,mrt_status,mrt_headway,distance_km,is_anomaly_lag1,osrm_divergence_lag1,rain_x_peak_hour,is_holiday,is_extreme_weather",27615,6904,0.8,0.14475253492534712,0.032776257935439715,0.25403657334657065,0.055970448211269626,3.555538916062455,1.4517908361549967,3.3615954163980604,1.237220057288964,0.14226565014505807,0.1471851437080389,5,0.13788806288709232,0.24625318798777462,3.4468416055104236,3.3216740150861206,0.9633249292061214,0.13297133361426455,0.14286289753387593,0.23583054670411693,0.25649685095252217,1.0012211629316767,1.2876207398663473,27.79069037349784,22.11869692756431,86.23,80.88,-0.01860549249350678,0.24554931937029745,"{""North (Mirpur-11 to 10)"": 0.12804136165998542, ""South (Kazipara to 10)"": 0.13192820591286236, ""West (Mirpur-1 to 10)"": 0.15368775464264237}",Metrics include OSRM baseline comparisons for Paper Table 3,"{""n_estimators"": 250, ""max_depth"": 5, ""learning_rate"": 0.011615865989246453, ""subsample"": 0.9795542149013333, ""colsample_bytree"": 0.9862528132298237, ""random_state"": 42, ""early_stopping_rounds"": 20, ""val_split_ratio"": 0.2, ""hpo_note"": ""Bayesian Optimization via Optuna (15 trials) minimizing Temporal Validation MAE""}",250,5,0.011615865989246453,0.9795542149013333,0.9862528132298237,latest/model_ml_weight.json,2026-07-04T19:03:07.555833+00:00
2026-07-05T19:02:57.786215+00:00,xgboost,20260705T190257Z,34519,39,"minute,day_of_week_num,is_weekend,hour_sin,hour_cos,direction_encoded,hour_encoded,hour_of_day,is_peak_hour,is_monsoon,month,actual_eta_min_lag1,actual_eta_min_lag2,actual_eta_min_lag3,rain_lag_1,rain_lag_2,temperature,rain_mm,humidity,wind_speed,visibility_km,pm2_5,pm10,co_level,no2_level,aqi,rain_accumulation_3h,wmo_rain_category,visibility_penalty,emission_congestion_cross_lag1,weather_condition_encoded,mrt_status,mrt_headway,distance_km,is_anomaly_lag1,osrm_divergence_lag1,rain_x_peak_hour,is_holiday,is_extreme_weather",27615,6904,0.8,0.14829873321443027,0.028721590009986944,0.26076854036321107,0.049099025514729486,3.6225609468423343,1.2728576203455184,3.42981873465562,1.0786673999753922,0.14565239650882805,0.15079572732855956,5,0.14150170357865502,0.24011116677912794,3.6087820407824998,3.472019898903326,0.9654919869281664,0.13691337717404786,0.14612978382717692,0.23113026010779977,0.25000444208208844,1.0105738122527805,1.292986259694489,28.120683035953682,22.336635908206308,86.0,81.43,-0.024138666938381684,0.23889474077608336,"{""East (Mirpur-14 to 10)"": 0.12355083642959598, ""North (Mirpur-11 to 10)"": 0.15273025817636526, ""South (Kazipara to 10)"": 0.13538534862380713, ""West (Mirpur-1 to 10)"": 0.1490674074746338}",Metrics include OSRM baseline comparisons for Paper Table 3,"{""n_estimators"": 250, ""max_depth"": 5, ""learning_rate"": 0.011615865989246453, ""subsample"": 0.9795542149013333, ""colsample_bytree"": 0.9862528132298237, ""random_state"": 42, ""early_stopping_rounds"": 20, ""val_split_ratio"": 0.2, ""hpo_note"": ""Bayesian Optimization via Optuna (15 trials) minimizing Temporal Validation MAE""}",250,5,0.011615865989246453,0.9795542149013333,0.9862528132298237,latest/model_ml_weight.json,2026-07-05T19:02:57.786238+00:00
